[
    { "name": "Toki", "url": "https://telegra.ph/file/bd271fbbdae84fa26f04f.jpg", "value": 1234 },
    { "name": "Noise", "url": "https://telegra.ph/file/ba34a437231411448f6e9.jpg", "value": 5678 },
    { "name": "Akira", "url": "https://telegra.ph/file/475522696fc7d8d1d857a.jpg", "value": 2345 },
    { "name": "Kotori", "url": "https://telegra.ph/file/176ab21ebdca4b4eb962e.jpg", "value": 6789 },
    { "name": "Naida", "url": "https://telegra.ph/file/e36464fbb0b40f429cc43.jpg", "value": 3456 },
    { "name": "Norie", "url": "https://telegra.ph/file/0ae8ad7f097d531cc5acf.jpg", "value": 7890 },
    { "name": "Neptune", "url": "https://telegra.ph/file/84c78cc26889b8da9a8f0.jpg", "value": 4567 },
    { "name": "Yuki", "url": "https://telegra.ph/file/9e2984f5335d1a6b49fc1.jpg", "value": 8901 },
    { "name": "Naya", "url": "https://telegra.ph/file/2baa3b4a81073268a7986.jpg", "value": 5678 },
    { "name": "Yumaki", "url": "https://telegra.ph/file/77e1df4377ea14fb6d66b.jpg", "value": 9012 },
    { "name": "Liza", "url": "https://telegra.ph/file/45ae6406f3bb93fcec9b4.jpg", "value": 6789 },
    { "name": "Nakyra", "url": "https://telegra.ph/file/f2e26a6cb0cb2bc152fb3.jpg", "value": 2345 },
    { "name": "Sekya", "url": "https://telegra.ph/file/cb0330f2d5a0595fdb781.jpg", "value": 8901 },
    { "name": "Blank", "url": "https://telegra.ph/file/4c27664700307c76fef03.jpg", "value": 3456 },
    { "name": "Hidory", "url": "https://telegra.ph/file/1458fc4990244acbb6afb.jpg", "value": 7890 },
    { "name": "Dayami", "url": "https://telegra.ph/file/250e8465bf5ff2f59b04d.jpg", "value": 4567 },
    { "name": "Firegirl", "url": "https://telegra.ph/file/a42c72ca655b2feb512d8.jpg", "value": 9012 },
    { "name": "Susan", "url": "https://telegra.ph/file/b7402d3731c7c6a1cca70.jpg", "value": 6789 },
    { "name": "Lucard", "url": "https://telegra.ph/file/1d43d41e6443483be0ab8.jpg", "value": 2345 },
    { "name": "Rain", "url": "https://telegra.ph/file/78e830222cdcfb2fe1eb2.jpg", "value": 8901 },
    { "name": "Anna", "url": "https://telegra.ph/file/46481625fa92418bbc1e3.jpg", "value": 3456 },
    { "name": "David Crazy!!", "url": "https://telegra.ph/file/5e22f2f6098d0db3b052d.jpg", "value": 4567 },
    { "name": "Jessica", "url": "https://telegra.ph/file/e65c28be97cdd8ce9fae4.jpg", "value": 2543 },
    { "name": "Lia", "url": "https://telegra.ph/file/5d985f9bf833c1948b8cc.jpg", "value": 1872 },
    { "name": "Isabel", "url": "https://telegra.ph/file/dc0e0340faf399f6979ce.jpg", "value": 1423 },
    { "name": "Nicol", "url": "https://telegra.ph/file/5062b67b19d2e98da6916.jpg", "value": 3100 },
    { "name": "Warner", "url": "https://telegra.ph/file/45e89c70b94337e800eca.jpg", "value": 4803 },
    { "name": "Maggie", "url": "https://telegra.ph/file/61b0979dee6ef89341d0f.jpg", "value": 2679 },
    { "name": "Lucinda", "url": "https://telegra.ph/file/f2d28df62c73a606c0076.jpg", "value": 2191 },
    { "name": "Nekowhite", "url": "https://telegra.ph/file/972dc4e098360a30841a4.jpg", "value": 1528 },
    { "name": "Nekoblue", "url": "https://telegra.ph/file/8133be81e1d3085e23a48.jpg", "value": 4107 },
    { "name": "The Dark", "url": "https://telegra.ph/file/4b9981a8db8206a80bcd5.jpg", "value": 3856 },
    { "name": "Dimondred", "url": "https://telegra.ph/file/8e2eddabf070c2381282a.jpg", "value": 3239 },
    { "name": "Dayana", "url": "https://telegra.ph/file/10e9ffa40072cf018ea67.jpg", "value": 4920 },
    { "name": "Yezzy", "url": "https://telegra.ph/file/d1b800dbf939c33df0140.jpg", "value": 4645 },
    { "name": "Yamil", "url": "https://telegra.ph/file/dd4c1cfdbfcbee4285e39.jpg", "value": 1336 },
    { "name": "Honoca", "url": "https://telegra.ph/file/a2ca239b97fcbd3f0c762.jpg", "value": 2184 },
    { "name": "Laura", "url": "https://telegra.ph/file/da43e96b3599ec5a06ef1.jpg", "value": 1755 },
    { "name": "Katy", "url": "https://telegra.ph/file/6b1ee3290f502256958af.jpg", "value": 4117 },
    { "name": "Katerin", "url": "https://telegra.ph/file/6b1ee3290f502256958af.jpg", "value": 1921 },
    { "name": "Susy", "url": "https://telegra.ph/file/cef1034a18b6bf0115041.jpg", "value": 3096 },
    { "name": "Mary", "url": "https://telegra.ph/file/ce8290d3a4e0b1cbe3af5.jpg", "value": 4887 },
    { "name": "Litsania", "url": "https://telegra.ph/file/0ac3cc3380d48520e965a.jpg", "value": 3262 },
    { "name": "R66", "url": "https://telegra.ph/file/42a78930addb7d7585c82.jpg", "value": 2879 },
    { "name": "Undefinided?", "url": "https://telegra.ph/file/1b7fface09d44e5f99267.jpg", "value": 3751 },
    { "name": "Nose literalmente XD", "url": "https://telegra.ph/file/a0ceb84118401a92ac182.jpg", "value": 1452 },
    { "name": "David Chian", "url": "https://telegra.ph/file/5b55f8dc9146c1072244c.jpg", "value": 3965 },
    { "name": "The Devil", "url": "https://telegra.ph/file/5cf59708610c9226c631b.jpg", "value": 2103 },
    { "name": "DarkHeart", "url": "https://telegra.ph/file/67937cd483e212c37bc41.jpg", "value": 4028 },
    { "name": "Linda", "url": "https://telegra.ph/file/30b789e0cb960c427bfca.jpg", "value": 3617 },
    { "name": "MiKu", "url": "https://telegra.ph/file/760d97f1226a802cedbfc.jpg", "value": 4682 },
    { "name": "Subbot", "url": "https://telegra.ph/file/5ddfa1f92a93e0c56cb00.jpg", "value": 2980 },
    { "name": "Ni Idea", "url": "https://telegra.ph/file/057f2e737051698b966ac.jpg", "value": 1017 },
    { "name": "Sasha", "url": "https://telegra.ph/file/d873e2d44f96bbf2ab391.jpg", "value": 2298 },
    { "name": "Erica", "url": "https://telegra.ph/file/469af5d2a335cc6bccf17.jpg", "value": 1705 },
    { "name": "Fuck You!", "url": "https://telegra.ph/file/f4179e89faf15eaa25ef8.jpg", "value": 4264 },
    { "name": "Senco", "url": "https://telegra.ph/file/ad9829f4830af5e2a1683.jpg", "value": 3093 },
    { "name": "Benco", "url": "https://telegra.ph/file/6877c272ca55de5281113.jpg", "value": 1591 },
    { "name": "Jess", "url": "https://telegra.ph/file/410aca29bf2939ad14405.jpg", "value": 1878 },
    { "name": "Selena", "url": "https://telegra.ph/file/225e43b222d64c793c49d.jpg", "value": 2634 },
    { "name": "Karina", "url": "https://telegra.ph/file/a330af76c5581cc95d89c.jpg", "value": 4931 },
    { "name": "W68", "url": "https://telegra.ph/file/702f2a9f97f7006980218.jpg", "value": 3775 },
    { "name": "Gamergirl", "url": "https://telegra.ph/file/eabb7b4418334980d119f.jpg", "value": 3124 },
    { "name": "Neko Chan", "url": "https://telegra.ph/file/99733b966270e77f2e418.jpg", "value": 4827 },
    { "name": "Wolf", "url": "https://telegra.ph/file/9c02580552f283223b4b2.jpg", "value": 1234 },
    { "name": "ReZero", "url": "https://telegra.ph/file/c0b35d6cad50e52306d1e.jpg", "value": 2556 },
    { "name": "Yeny", "url": "https://telegra.ph/file/d05e360f06c11a9f347c1.jpg", "value": 4981 },
    { "name": "Zira", "url": "https://telegra.ph/file/2cdefed8a1802c9972e3d.jpg", "value": 3792 },
    { "name": "Kary", "url": "https://telegra.ph/file/294b04fe9a8fcd8dac3d5.jpg", "value": 1637 },
    { "name": "Yohana", "url": "https://telegra.ph/file/e0ffbde2608667b59cfb2.jpg", "value": 2050 },
    { "name": "Clay", "url": "https://telegra.ph/file/3572c8a3b7b2bc9e20a84.jpg", "value": 431 },
    { "name": "Vero", "url": "https://telegra.ph/file/8a6f0a68cfdc210a3d4f6.jpg", "value": 4189 },
    { "name": "Shian", "url": "https://telegra.ph/file/f0b6ea5f9ea2c7dea3353.jpg", "value": 2904 },
    { "name": "Horu Chan", "url": "https://telegra.ph/file/16cc33e5247ac774945da.jpg", "value": 4975 },
    { "name": "Vert", "url": "https://telegra.ph/file/1dcdcb799cbb5078cbfec.jpg", "value": 3782 },
    { "name": "Zaily", "url": "https://telegra.ph/file/5ca7b1ee69bc299277fdc.jpg", "value": 1090 },
    { "name": "Leily", "url": "https://telegra.ph/file/ea31766e53fc59b43fc33.jpg", "value": 2553 },
    { "name": "Yuma", "url": "https://telegra.ph/file/9433cd0656bf6426b74a1.jpg", "value": 4972 },
    { "name": "Jaky", "url": "https://telegra.ph/file/47347de97619a2533d200.jpg", "value": 2831 },
    { "name": "Freda", "url": "https://telegra.ph/file/207800d7983fce8c118a2.jpg", "value": 1432 },
    { "name": "Eda", "url": "https://telegra.ph/file/f16ed5d074a52094bcabe.jpg", "value": 3264 },
    { "name": "Eva", "url": "https://telegra.ph/file/9072c0520fef597e3cde7.jpg", "value": 4489 },
    { "name": "Heslya", "url": "https://telegra.ph/file/f50a757739a737203b665.jpg", "value": 189 },
    { "name": "Gary", "url": "https://telegra.ph/file/438e35fa0fa753e062bbe.jpg", "value": 3767 },
    { "name": "Yamil", "url": "https://telegra.ph/file/65d3f6582e68ed47d4d69.jpg", "value": 2927 },
    { "name": "The Girl", "url": "https://telegra.ph/file/6a41bed6ca1d01c300ca7.jpg", "value": 4164 },
    { "name": "Dreams", "url": "https://telegra.ph/file/f0cca00e526434fdf4e81.jpg", "value": 1941 },
    { "name": "Favi", "url": "https://telegra.ph/file/7247a572bbfa3b387f97a.jpg", "value": 3823 },
    { "name": "Javi", "url": "https://telegra.ph/file/42c6db0f2b5ab8a64f615.jpg", "value": 1598 },
    { "name": "Hornet", "url": "https://telegra.ph/file/577d7dc3580c96bc6e060.jpg", "value": 4825 },
    { "name": "Nep", "url": "https://telegra.ph/file/414ba7fb6b0c5f26ff8f8.jpg", "value": 3489 },
    { "name": "Uni", "url": "https://telegra.ph/file/49d54471eb67fb47ff137.jpg", "value": 2134 },
    { "name": "Rom", "url": "https://telegra.ph/file/f1062b6dd61a27c611280.jpg", "value": 4980 },
    { "name": "Ram", "url": "https://telegra.ph/file/622cec51cc6013152203b.jpg", "value": 2111 },
    { "name": "Rim", "url": "https://telegra.ph/file/24516b1efe1b84d95390f.jpg", "value": 1092 },
    { "name": "Rem", "url": "https://telegra.ph/file/b92ac17541c7d9c275e57.jpg", "value": 3847 },
    { "name": "Kanaco", "url": "https://telegra.ph/file/73e66869e868db1fcaa46.jpg", "value": 3744 },
    { "name": "Kimico", "url": "https://telegra.ph/file/47efac7df88fbf93cb4df.jpg", "value": 2277 },
    { "name": "Jhon Wick", "url": "https://telegra.ph/file/2691573a33c1a46d99e9f.jpg", "value": 1279 },
    { "name": "¿Laica!?", "url": "https://telegra.ph/file/3fa8a0302f445403e78a1.jpg", "value": 4446 },
    { "name": "Tu Abuela", "url": "https://telegra.ph/file/7aac08d7a213353870d0a.jpg", "value": 4910 },
    { "name": "Kurumi", "url": "https://telegra.ph/file/990e232b12caf2e43960a.jpg", "value": 2765 },
    { "name": "Neko Lee", "url": "https://telegra.ph/file/712d31a6a514aa89bbc6b.jpg", "value": 1333 },
    { "name": "Liana", "url": "https://telegra.ph/file/ffc11d1c77b6f60d61018.jpg", "value": 1877 },
    { "name": "Renko", "url": "https://telegra.ph/file/c6e93a9d88c54d29a13c1.jpg", "value": 4500 },
    { "name": "Gaia", "url": "https://telegra.ph/file/09a0724d5302502e39916.jpg", "value": 4357 },
    { "name": "Karine", "url": "https://telegra.ph/file/09c3a59e64ad33253390f.jpg", "value": 2371 },
    { "name": "ZiverDeath", "url": "https://telegra.ph/file/52f0bcb2927ab69079ce6.jpg", "value": 4820 },
    { "name": "Hiro", "url": "https://telegra.ph/file/dda4b98ec65c585ac824c.jpg", "value": 2154 },
    { "name": "Luna", "url": "https://telegra.ph/file/0308a04a44110a16ff676.jpg", "value": 3786 },
    { "name": "Naya", "url": "https://telegra.ph/file/756263131e0bd95d85833.jpg", "value": 4998 },
    { "name": "Assessing Green", "url": "https://telegra.ph/file/eef748db6f5ba390fe579.jpg", "value": 4091 },
    { "name": "Assessing Purple", "url": "https://telegra.ph/file/0da3147844c82c46dd55d.jpg", "value": 2031 },
    { "name": "Elina", "url": "https://telegra.ph/file/cf6c410439b9f0fbdf5d3.jpg", "value": 2876 },
    { "name": "Greendy", "url": "https://telegra.ph/file/86cbfb29ceca3517f1525.jpg", "value": 1467 },
    { "name": "FireMan", "url": "https://telegra.ph/file/6de83aa9f9a33a1df99e5.jpg", "value": 3174 },
    { "name": "D Forzy", "url": "https://telegra.ph/file/61a1a833c838727ee67ba.jpg", "value": 4620 },
    { "name": "Annabelle", "url": "https://telegra.ph/file/5cd3871b73e26b9fdebc7.jpg", "value": 1156 },
    { "name": "Assessing", "url": "https://telegra.ph/file/6a006c59cb6bb24268b40.jpg", "value": 2733 },
    { "name": "Lucía", "url": "https://telegra.ph/file/eaec6514aab047329e504.jpg", "value": 4999 },
    { "name": "Karla", "url": "https://telegra.ph/file/8e20680301c3c5a6db679.jpg", "value": 3803 },
    { "name": "Neko Sequi", "url": "https://telegra.ph/file/547e258bf678524acc676.jpg", "value": 1564 },
    { "name": "B Neko", "url": "https://telegra.ph/file/2d44d433b045b927dcea8.jpg", "value": 3760 },
    { "name": "Annia", "url": "https://telegra.ph/file/a7e72460a9795ba86c8f5.jpg", "value": 3210 },
    { "name": "Vami G", "url": "https://telegra.ph/file/69d3986219eda9e54f2f4.jpg", "value": 2887 },
    { "name": "Luida", "url": "https://telegra.ph/file/c8a131df986acd90fe5ba.jpg", "value": 4967 },
    { "name": "White Girl", "url": "https://telegra.ph/file/ffe4dda6f89ab9897584a.jpg", "value": 3824 },
    { "name": "Uni Chan", "url": "https://telegra.ph/file/255b0118da8c88bb9dc88.jpg", "value": 4975 },
    { "name": "Adina", "url": "https://telegra.ph/file/14dcbd983f1b1107a4b01.jpg", "value": 4138 },
    { "name": "The Griffith", "url": "https://telegra.ph/file/d7499839f8aa63dcdf6cf.jpg", "value": 1422 },
    { "name": "Mónica", "url": "https://telegra.ph/file/8035c25835eb5823bcd74.jpg", "value": 4757 },
    { "name": "Nellie", "url": "https://telegra.ph/file/6f5bab134ce0af4f2bc7f.jpg", "value": 1172 },
    { "name": "Kai", "url": "https://telegra.ph/file/5d9388a70b73604aa8bdc.jpg", "value": 4864 },
    { "name": "Juni", "url": "https://telegra.ph/file/8fb60d83419b7123a9f8e.jpg", "value": 1399 },
    { "name": "Rei", "url": "https://telegra.ph/file/f659cbcf6a7312841123f.jpg", "value": 2776 },
    { "name": "Xysa", "url": "https://telegra.ph/file/f994f1708349e36006dd4.jpg", "value": 3048 },
    { "name": "D Kei", "url": "https://telegra.ph/file/b7d95b5cc47cc48bc355f.jpg", "value": 2922 },
    { "name": "Gloria", "url": "https://telegra.ph/file/e0aa1912b476a748d3ad6.jpg", "value": 4521 },
    { "name": "Ine", "url": "https://telegra.ph/file/b81eb121347f435fba1f1.jpg", "value": 3820 },
    { "name": "Moto", "url": "https://telegra.ph/file/053aa3ed36d540259edad.jpg", "value": 1943 },
    { "name": "Yaqui", "url": "https://telegra.ph/file/5ee618b506e20728419ba.jpg", "value": 2845 },
    { "name": "Nola", "url": "https://telegra.ph/file/f5ac7635a5f0e585bd474.jpg", "value": 3157 },
    { "name": "Nela", "url": "https://telegra.ph/file/7cbba3b7f1cd4fa5430c8.jpg", "value": 3769 },
    { "name": "Nini", "url": "https://telegra.ph/file/269aaeed980625c53bcfb.jpg", "value": 1357 },
    { "name": "Joandra", "url": "https://telegra.ph/file/891b59949c8f28e0fa7dc.jpg", "value": 2276 },
    { "name": "Kumi", "url": "https://telegra.ph/file/44d15472175ff71a159e0.jpg", "value": 4435 },
    { "name": "Nani", "url": "https://telegra.ph/file/a18ee90a4450a7c142f45.jpg", "value": 2122 },
    { "name": "Yusi", "url": "https://telegra.ph/file/f0ae99d6af6dc9f78fc0d.jpg", "value": 4589 },
    { "name": "Yusibel", "url": "https://telegra.ph/file/b6f9a90e785ba66d08ed2.jpg", "value": 1794 },
    { "name": "Anlli", "url": "https://telegra.ph/file/4f1c0fdeac1f8bda18b74.jpg", "value": 3912 },
    { "name": "Reina", "url": "https://telegra.ph/file/09df0916eaa34ccf8524f.jpg", "value": 2933 },
    { "name": "Lietis", "url": "https://telegra.ph/file/9306583e99ca1be9895b9.jpg", "value": 2275 },
    { "name": "Hide", "url": "https://telegra.ph/file/f83538201e5f5915c6ce7.jpg", "value": 2344 },
    { "name": "Titi", "url": "https://telegra.ph/file/4c577cdefba48217cc205.jpg", "value": 4866 },
    { "name": "Sindia", "url": "https://telegra.ph/file/1834a0561940eaebc8766.jpg", "value": 2393 },
    { "name": "UwU", "url": "https://telegra.ph/file/89fe8f7f26de7a7f4331b.jpg", "value": 3474 },
    { "name": "Ely", "url": "https://telegra.ph/file/61869df1457d504ddbcab.jpg", "value": 2612 },
    { "name": "Leidis", "url": "https://telegra.ph/file/f19383d1edea1bfa93576.jpg", "value": 1223 },
    { "name": "Irithel", "url": "https://telegra.ph/file/53a56bb034774292c9bdc.jpg", "value": 4621 },
    { "name": "Karriie", "url": "https://telegra.ph/file/2d6c0c935e11241f27f50.jpg", "value": 2626 },
    { "name": "Claude", "url": "https://telegra.ph/file/0b10158a29063b60f2930.jpg", "value": 3527 },
    { "name": "Wanwan", "url": "https://telegra.ph/file/b73811cb7488381947e45.jpg", "value": 1274 },
    { "name": "Xepxep", "url": "https://telegra.ph/file/0d89e87915739584ecd2b.jpg", "value": 2089 },
    { "name": "Julian", "url": "https://telegra.ph/file/c58981bbcb0df079eb18c.jpg", "value": 4156 },
    { "name": "Paquito", "url": "https://telegra.ph/file/3993c3d53dcf86c946d4a.jpg", "value": 4789 },
    { "name": "Leomord", "url": "https://telegra.ph/file/8602bb2f6d616770b9023.jpg", "value": 1221 },
    { "name": "Granger", "url": "https://telegra.ph/file/3a5ca9324f13017fa5938.jpg", "value": 2365 },
    { "name": "Glod", "url": "https://telegra.ph/file/aa0d7f2a6b3d38f98b400.jpg", "value": 4698 },
    { "name": "Oldouss", "url": "https://telegra.ph/file/d0d51440c4631a01f1a65.jpg", "value": 3411 },
    { "name": "Harley", "url": "https://telegra.ph/file/f1cbe2d1906fc59bed55b.jpg", "value": 2874 },
    { "name": "Uranus", "url": "https://telegra.ph/file/7293d620d776818b1e0f6.jpg", "value": 1592 },
    { "name": "Hecilion", "url": "https://telegra.ph/file/a78e67d903e8a31eb07a1.jpg", "value": 4223 },
    { "name": "Eurora", "url": "https://telegra.ph/file/554d053e8f31329fe8fde.jpg", "value": 3965 },
    { "name": "Selena L", "url": "https://telegra.ph/file/0e4feb2eeb16faa89c6d8.jpg", "value": 4735 },
    { "name": "Yisun", "url": "https://telegra.ph/file/2dba513c3996aba4855a5.jpg", "value": 2119 },
    { "name": "Ixya", "url": "https://telegra.ph/file/08cdfdfa63cc20389d99b.jpg", "value": 1987 },
    { "name": "Johnson", "url": "https://telegra.ph/file/dac129d68d4d52ee1505c.jpg", "value": 1532 },
    { "name": "Fredrinn", "url": "https://telegra.ph/file/561beefcf0acf42857611.jpg", "value": 3674 },
    { "name": "Alucard", "url": "https://telegra.ph/file/f69e1f41fd1675fd7a9ad.jpg", "value": 4912 },
    { "name": "Belerick", "url": "https://telegra.ph/file/6d849b19d0feb7c81848e.jpg", "value": 924 },
    { "name": "Xavier", "url": "https://telegra.ph/file/94ab36162a1936d910a05.jpg", "value": 3182 },
    { "name": "Layla G", "url": "https://telegra.ph/file/6e906851314204af455de.jpg", "value": 449 },
    { "name": "Raulus", "url": "https://telegra.ph/file/0be6f30eb0da6c788daa3.jpg", "value": 2361 },
    { "name": "Melissa", "url": "https://telegra.ph/file/5c350acb44ad5c64634db.jpg", "value": 2758 },
    { "name": "Pharsa", "url": "https://telegra.ph/file/fa780d2aa061541e922b6.jpg", "value": 3989 },
    { "name": "Edith", "url": "https://telegra.ph/file/c66397ce8383b7693081b.jpg", "value": 1922 },
    { "name": "Rogek", "url": "https://telegra.ph/file/c6fdad45e641ac6e2aab0.jpg", "value": 3445 },
    { "name": "Jaw Head", "url": "https://telegra.ph/file/7897e9228b5b9706e85a5.jpg", "value": 1256 },
    { "name": "Aurora G", "url": "https://telegra.ph/file/cd12a6ade38733f504b03.jpg", "value": 4768 },
    { "name": "Vexana", "url": "https://telegra.ph/file/17a3732f4516c032331a3.jpg", "value": 2894 },
    { "name": "Franco", "url": "https://telegra.ph/file/4af32fc2b5465d4b69e35.jpg", "value": 1257 },
    { "name": "Alpha", "url": "https://telegra.ph/file/236781f48ca8b1adfc5ad.jpg", "value": 3980 },
    { "name": "Martis", "url": "https://telegra.ph/file/60ee8d7ab1d0e01cdc6d3.jpg", "value": 2679 },
    { "name": "Rodette", "url": "https://telegra.ph/file/a5e7dd47c59c13e2d1f63.jpg", "value": 4234 },
    { "name": "Valir", "url": "https://telegra.ph/file/f649a47097160acd1a09d.jpg", "value": 2112 },
    { "name": "Novaria", "url": "https://telegra.ph/file/ad08a0d99d1c2c28ef0ec.jpg", "value": 4689 },
    { "name": "Luoxya", "url": "https://telegra.ph/file/c817efad08dcc87bde276.jpg", "value": 3456 },
    { "name": "Teriizla", "url": "https://telegra.ph/file/d316c5b88651976ad305b.jpg", "value": 1678 },
    { "name": "Harith", "url": "https://telegra.ph/file/0a3a70be7e12cae0eb910.jpg", "value": 4321 },
    { "name": "Lunox", "url": "https://telegra.ph/file/b69b7e73240e43205d535.jpg", "value": 1543 },
    { "name": "Hylds", "url": "https://telegra.ph/file/4d7f597b484ada88f92c5.jpg", "value": 2871 },
    { "name": "Zilong", "url": "https://telegra.ph/file/5318e6fd14cf9e1401461.jpg", "value": 1999 },
    { "name": "X Borg", "url": "https://telegra.ph/file/e0d84e6d32170185bafb6.jpg", "value": 3111 },
    { "name": "Bane", "url": "https://telegra.ph/file/a696609f2600ca1846c48.jpg", "value": 2478 },
    { "name": "Gatotkaca", "url": "https://telegra.ph/file/52e7cf8ec2028fe80238f.jpg", "value": 3834 },
    { "name": "Miyans", "url": "https://telegra.ph/file/25a3a7f2ac461f5017749.jpg", "value": 1590 },
    { "name": "Ruby", "url": "https://telegra.ph/file/7e43da668462ffa1d41a4.jpg", "value": 4765 },
    { "name": "Kagura", "url": "https://telegra.ph/file/0852a3ba36cea8e118b02.jpg", "value": 2898 },
    { "name": "Badang", "url": "https://telegra.ph/file/e4fce6bd863bfe6d9d576.jpg", "value": 3894 },
    { "name": "YVE", "url": "https://telegra.ph/file/197990ef893b2b5e146b9.jpg", "value": 2365 },
    { "name": "Valentina", "url": "https://telegra.ph/file/6b45550634d9914f36eea.jpg", "value": 1542 },
    { "name": "Thamuz", "url": "https://telegra.ph/file/817ad83c90d1987231d92.jpg", "value": 4221 },
    { "name": "Lylia G", "url": "https://telegra.ph/file/7397179619eb925ae2186.jpg", "value": 1987 },
    { "name": "Kadita", "url": "https://telegra.ph/file/0632d58d5abd2cd55a9d6.jpg", "value": 3178 },
    { "name": "Masha", "url": "https://telegra.ph/file/b7b4edc323a00e01c59b7.jpg", "value": 2789 },
    { "name": "Hlda", "url": "https://telegra.ph/file/e7370d27dfa1839e0c6f1.jpg", "value": 4901 },
    { "name": "Chou", "url": "https://telegra.ph/file/ebe5a659e67aabf2d73f8.jpg", "value": 2743 },
    { "name": "Argus", "url": "https://telegra.ph/file/b6599727663d1bd34c5ea.jpg", "value": 1265 },
    { "name": "Grock", "url": "https://telegra.ph/file/c46349d292ee4df82eb97.jpg", "value": 3876 },
    { "name": "Nana", "url": "https://telegra.ph/file/414ff9ed48d50c86c14a1.jpg", "value": 2154 },
    { "name": "Lolita", "url": "https://telegra.ph/file/b3ed93bbafbfbae389170.jpg", "value": 4332 },
    { "name": "Cici", "url": "https://telegra.ph/file/e71825d15da017c9d2207.jpg", "value": 1698 },
    { "name": "Phoveus", "url": "https://telegra.ph/file/b91a81251a545f18ec458.jpg", "value": 3987 },
    { "name": "Baxia", "url": "https://telegra.ph/file/572fadba106d09ca3d554.jpg", "value": 2789 },
    { "name": "Zask", "url": "https://telegra.ph/file/335cd729d92d5edc01f0f.jpg", "value": 1245 },
    { "name": "Kimmy", "url": "https://telegra.ph/file/145b15e589f96090f130a.jpg", "value": 2876 },
    { "name": "Brody", "url": "https://telegra.ph/file/371d5a8753ef4efaf5543.jpg", "value": 3976 },
    { "name": "Moskov", "url": "https://telegra.ph/file/612ced7cd9c576dd80cd2.jpg", "value": 3421 },
    { "name": "Benedetta", "url": "https://telegra.ph/file/231a5bd4509a6544aafd8.jpg", "value": 1689 },
    { "name": "G Yin", "url": "https://telegra.ph/file/5e834b48eaca9102377b4.jpg", "value": 2198 },
    { "name": "Arlott", "url": "https://telegra.ph/file/baa038cdf711d2722ab29.jpg", "value": 1254 },
    { "name": "Dyrroth", "url": "https://telegra.ph/file/0fa57c81032ba7d11195f.jpg", "value": 4123 },
    { "name": "Esmeralda G", "url": "https://telegra.ph/file/a0e3c0f815d9e8bf0c6e6.jpg", "value": 2987 },
    { "name": "Sun", "url": "https://telegra.ph/file/d51bff1c8fe06e8cfcd05.jpg", "value": 1789 },
    { "name": "Mathilda", "url": "https://telegra.ph/file/14b55046513131012f78f.jpg", "value": 2567 },
    { "name": "Carmilla", "url": "https://telegra.ph/file/e5fb5471f1becae929c84.jpg", "value": 3998 },
    { "name": "Bruno", "url": "https://telegra.ph/file/5e166b292e160a0eea30a.jpg", "value": 2876 },
    { "name": "Yuzhon", "url": "https://telegra.ph/file/246a4a95a81c68a1f804a.jpg", "value": 1543 },
    { "name": "Freya", "url": "https://telegra.ph/file/3c5700dd490199c7e9d01.jpg", "value": 3567 },
    { "name": "Diggie", "url": "https://telegra.ph/file/2758096d0907cf01a0ce9.jpg", "value": 1234 },
    { "name": "Afaela", "url": "https://telegra.ph/file/3f5d1f32be7862ddaa022.jpg", "value": 3456 },
    { "name": "Kaja", "url": "https://telegra.ph/file/81172ac3e3868e011ac8b.jpg", "value": 2345 },
    { "name": "Silvanma", "url": "https://telegra.ph/file/213a824558f08b6f5ad7e.jpg", "value": 4567 },
    { "name": "Orestes", "url": "https://telegra.ph/file/d4795ffe8951370575b28.jpg", "value": 1789 },
    { "name": "Akai", "url": "https://telegra.ph/file/8a945ec43b9ce32cead5c.jpg", "value": 987 },
    { "name": "Tigreal", "url": "https://telegra.ph/file/5e3f51b62c61ad5703923.jpg", "value": 2345 },
    { "name": "Lesley", "url": "https://telegra.ph/file/f9c9b5dad744476dc40d4.jpg", "value": 3456 },
    { "name": "Bal Sid", "url": "https://telegra.ph/file/1587ad5ddf29c6d3183d9.jpg", "value": 2567 },
    { "name": "Atlas", "url": "https://telegra.ph/file/af373861137992f41585a.jpg", "value": 1890 },
    { "name": "Minsitthar", "url": "https://telegra.ph/file/e97cee688bc929e11b987.jpg", "value": 2789 },
    { "name": "Khufra", "url": "https://telegra.ph/file/1a88896d475c7efbde858.jpg", "value": 3789 },
    { "name": "Floryn", "url": "https://telegra.ph/file/24eb9a0c71e2024b4b676.jpg", "value": 1345 },
    { "name": "Alice D", "url": "https://telegra.ph/file/c81d888e0680661776c86.jpg", "value": 1923 },
    { "name": "Clint", "url": "https://telegra.ph/file/2cd7db687a8719926bfe7.jpg", "value": 2901 },
    { "name": "Beatrix", "url": "https://telegra.ph/file/3249d3d0ef885040cf8b8.jpg", "value": 1809 },
    { "name": "Minotaur", "url": "https://telegra.ph/file/7b4f57c0e67138facedaf.jpg", "value": 3100 },
    { "name": "Faramiis", "url": "https://telegra.ph/file/0d542eb09a121d9383a1d.jpg", "value": 2456 },
    { "name": "Khaleed", "url": "https://telegra.ph/file/51b91818dece7c1fe7519.jpg", "value": 3678 },
    { "name": "Cy Clops", "url": "https://telegra.ph/file/8f61303ef33b58395a214.jpg", "value": 2798 },
    { "name": "Popol Kupa", "url": "https://telegra.ph/file/555cdf34915d0ad5c1462.jpg", "value": 1212 },
    { "name": "VALE", "url": "https://telegra.ph/file/c75a5fb0bc49f64131560.jpg", "value": 3111 },
    { "name": "Guiniever", "url": "https://telegra.ph/file/eb1642139408317c6a538.jpg", "value": 3278 },
    { "name": "Lapu", "url": "https://telegra.ph/file/f050a935fa90154680971.jpg", "value": 4120 },
    { "name": "Natan", "url": "https://telegra.ph/file/f973a47e07c8783f66f33.jpg", "value": 2984 },
    { "name": "Hanada", "url": "https://telegra.ph/file/04d8e32973a9675baa2cf.jpg", "value": 1475 },
    { "name": "Beatirx", "url": "https://telegra.ph/file/01938841fb92096bfbc13.jpg", "value": 2550 },
    { "name": "Ranger", "url": "https://telegra.ph/file/a997ae8255704210a4d68.jpg", "value": 3125 },
    { "name": "Wan Wan", "url": "https://telegra.ph/file/c88836ceed7dd32f56db5.jpg", "value": 2742 },
    { "name": "Mellisa", "url": "https://telegra.ph/file/2d3b44eaf2ccbc2bed5e0.jpg", "value": 1925 },
    { "name": "Bruno C", "url": "https://telegra.ph/file/1802def31336f9ba6311b.jpg", "value": 2874 },
    { "name": "Hanaabi", "url": "https://telegra.ph/file/2bb63c139b1630d34a635.jpg", "value": 3375 },
    { "name": "Clint C", "url": "https://telegra.ph/file/d5fea379c88369c130bc7.jpg", "value": 4821 },
    { "name": "Cici Y", "url": "https://telegra.ph/file/af5c070209310ba4653af.jpg", "value": 1512 },
    { "name": "Jhonson Dav", "url": "https://telegra.ph/file/61110e1efe458a6f80416.jpg", "value": 1974 },
    { "name": "Hylos", "url": "https://telegra.ph/file/fd21e035de90662c609ed.jpg", "value": 4435 },
    { "name": "Kimmy", "url": "https://telegra.ph/file/80706b710cb3ceb2e197b.jpg", "value": 2214 },
    { "name": "Luno X", "url": "https://telegra.ph/file/8b79a8e6b7c62a4d6df9a.jpg", "value": 2678 },
    { "name": "Cecilion", "url": "https://telegra.ph/file/5de9f9435080c383423f7.jpg", "value": 1759 },
    { "name": "Terizla", "url": "https://telegra.ph/file/ba72480e6fa3e7bcb8218.jpg", "value": 3964 },
    { "name": "Selena A", "url": "https://telegra.ph/file/8d17a49dd32ca33f21eeb.jpg", "value": 3112 },
    { "name": "Minsitthar", "url": "https://telegra.ph/file/65d0b9abfddb36015ed04.jpg", "value": 2679 },
    { "name": "Valen T", "url": "https://telegra.ph/file/0eb7e813141ebf28d0cc4.jpg", "value": 2050 },
    { "name": "Odette", "url": "https://telegra.ph/file/cfaf91cfda3c363c0b61a.jpg", "value": 3891 },
    { "name": "Eudona", "url": "https://telegra.ph/file/0a5dc47709212e622c75c.jpg", "value": 3228 },
    { "name": "Harley", "url": "https://telegra.ph/file/1510a40445bbb75ad7717.jpg", "value": 1734 },
    { "name": "X Borg", "url": "https://telegra.ph/file/1d5d4b87e724dbab7f2fc.jpg", "value": 2290 },
    { "name": "Lilya", "url": "https://telegra.ph/file/b493c67b9a6e7a458f6c4.jpg", "value": 1102 },
    { "name": "Valir", "url": "https://telegra.ph/file/b7416934037b50de2609c.jpg", "value": 4971 },
    { "name": "Xavier", "url": "https://telegra.ph/file/ca113c0aefc490f999304.jpg", "value": 3583 },
    { "name": "Pharsa", "url": "https://telegra.ph/file/0f087c8e2100914a29f65.jpg", "value": 2470 },
    { "name": "Thamuz", "url": "https://telegra.ph/file/2acdb78448c8f0e0a4023.jpg", "value": 3176 },
    { "name": "Cyclops", "url": "https://telegra.ph/file/5c204583a3845b66ca14e.jpg", "value": 1745 },
    { "name": "Bal Mond", "url": "https://telegra.ph/file/344236dcf0c1efb89084c.jpg", "value": 4823 },
    { "name": "Leomord", "url": "https://telegra.ph/file/d717076e0fb493b02a1f2.jpg", "value": 4690 },
    { "name": "Change", "url": "https://telegra.ph/file/ae994612d38df344b1496.jpg", "value": 3942 },
    { "name": "YVE", "url": "https://telegra.ph/file/8fcefec9f75a5d3d86ca4.jpg", "value": 2187 },
    { "name": "Luo Yi", "url": "https://telegra.ph/file/9d3ea419e484f346d85e3.jpg", "value": 1268 },
    { "name": "Aulus", "url": "https://telegra.ph/file/db135906edab02a4bf893.jpg", "value": 4395 },
    { "name": "Edith", "url": "https://telegra.ph/file/6c7f5612eb2b92aa15f48.jpg", "value": 2674 },
    { "name": "Kagura", "url": "https://telegra.ph/file/7306f3b4e0f5b612cc6d0.jpg", "value": 1972 },
    { "name": "Belerick", "url": "https://telegra.ph/file/8678ab3897146f21025cd.jpg", "value": 2794 },
    { "name": "Rafaela", "url": "https://telegra.ph/file/17e6a50fb406934b85f14.jpg", "value": 1472 },
    { "name": "Floryn", "url": "https://telegra.ph/file/bf438a888fdba78f46714.jpg", "value": 3210 },
    { "name": "Diggie", "url": "https://telegra.ph/file/6957a1a5e7f747517fb33.jpg", "value": 4863 },
    { "name": "Atlas Raf", "url": "https://telegra.ph/file/0174cb51300b25823ffb3.jpg", "value": 3674 },
    { "name": "Yin", "url": "https://telegra.ph/file/677a603346d0a85173468.jpg", "value": 3845 },
    { "name": "Helcurt", "url": "https://telegra.ph/file/b8f116a546abb0f93e36d.jpg", "value": 1429 },
    { "name": "Akai", "url": "https://telegra.ph/file/d103c2fc88435477e619b.jpg", "value": 4962 },
    { "name": "Estes", "url": "https://telegra.ph/file/74f3d3abddeb46e955e73.jpg", "value": 1943 },
    { "name": "Mantis", "url": "https://telegra.ph/file/13a56660c8440874ad39b.jpg", "value": 2828 },
    { "name": "Faramis", "url": "https://telegra.ph/file/0e27e019c0a415cde1e4b.jpg", "value": 923 },
    { "name": "Saber", "url": "https://telegra.ph/file/45db8f726ac0f1af03a8c.jpg", "value": 383 },
    { "name": "Chou", "url": "https://telegra.ph/file/171868593f2d633ba4a8f.jpg", "value": 4939 },
    { "name": "Chord", "url": "https://telegra.ph/file/8ae94aa7ea8f7f96a9403.jpg", "value": 3983 },
    { "name": "Kadiita", "url": "https://telegra.ph/file/90e1eb5e0506b7f097dee.jpg", "value": 3722 },
    { "name": "Balmond", "url": "https://telegra.ph/file/89a85adc47d95196ed6cb.jpg", "value": 2834 },
    { "name": "Esmerald", "url": "https://telegra.ph/file/0b2e751cfee0e45844ee8.jpg", "value": 1234 },
    { "name": "Franco T", "url": "https://telegra.ph/file/ebd44638c1fdd65331b15.jpg", "value": 229 },
    { "name": "Ling", "url": "https://telegra.ph/file/220bef683fe55b32bb1c8.jpg", "value": 1299 },
    { "name": "Gagi", "url": "https://telegra.ph/file/debacc86b70f3eee6c708.jpg", "value": 1938 },
    { "name": "Lancelot", "url": "https://telegra.ph/file/7da0e414f06062f435ff8.jpg", "value": 393 },
    { "name": "Dyrroth", "url": "https://telegra.ph/file/ade1d2976c2d428a46e59.jpg", "value": 3919 },
    { "name": "Phoveus", "url": "https://telegra.ph/file/942e2c99a943df2e46791.jpg", "value": 1000 },
    { "name": "Gusion", "url": "https://telegra.ph/file/b46fdd9d33c9ddc633bda.jpg", "value": 939 },
    { "name": "Argus", "url": "https://telegra.ph/file/a2965bf2898c9c6f0d1e4.jpg", "value": 1939 },
    { "name": "Natalia", "url": "https://telegra.ph/file/5ae939ef277f1f18907d8.jpg", "value": 3192 },
    { "name": "Sun", "url": "https://telegra.ph/file/eb141bbe43c24deca61f9.jpg", "value": 4882 },
    { "name": "Famny", "url": "https://telegra.ph/file/e12c0194850843623938b.jpg", "value": 993 },
    { "name": "Minotaur Flack", "url": "https://telegra.ph/file/395c9b025e150a0fec31c.jpg", "value": 692 },
    { "name": "Aamon", "url": "https://telegra.ph/file/446f6ee98ea03442f4b43.jpg", "value": 3939 },
    { "name": "Hayabuso", "url": "https://telegra.ph/file/08b7aef6138b54c919432.jpg", "value": 3919 },
    { "name": "Freya", "url": "https://telegra.ph/file/701a673b9c9155c694439.jpg", "value": 1939 },
    { "name": "Kharlez", "url": "https://telegra.ph/file/71229bfeaa84c34afc75c.jpg", "value": 3942 },
    { "name": "Kariina", "url": "https://telegra.ph/file/0f0a802541cf99ebf5ade.jpg", "value": 5823 },
    { "name": "Yu Zhong", "url": "https://telegra.ph/file/ec7f6ceef7a8f4ba1944b.jpg", "value": 1924 },
    { "name": "Ba Dang", "url": "https://telegra.ph/file/f8106f3a3a2c4249c33b5.jpg", "value": 3944 },
    { "name": "Silvanma", "url": "https://telegra.ph/file/138c056362414b4f3fa1a.jpg", "value": 1929 },
    { "name": "Alucard", "url": "https://telegra.ph/file/243ebd3e7f786eb9dca95.jpg", "value": 3849 },
    { "name": "Nolan", "url": "https://telegra.ph/file/c944444f87eb3d46024ee.jpg", "value": 2022 },
    { "name": "Aldous", "url": "https://telegra.ph/file/74c655264fa8d04054caf.jpg", "value": 4929 },
    { "name": "Joy", "url": "https://telegra.ph/file/80b2918ce323b2719d58b.jpg", "value": 529 },
    { "name": "Lapu", "url": "https://telegra.ph/file/4dae57c14d03f4615dec9.jpg", "value": 2039 },
    { "name": "Hilda", "url": "https://telegra.ph/file/e69f68330d1c67039a9fc.jpg", "value": 283 },
    { "name": "Roger", "url": "https://telegra.ph/file/6986c44c5945557fea7ce.jpg", "value": 1992 },
    { "name": "AE Pha", "url": "https://telegra.ph/file/9ed83dbaf1b66693acab4.jpg", "value": 1939 },
    { "name": "Guinevere", "url": "https://telegra.ph/file/b0a87c4a141394f6c87f6.jpg", "value": 4267 },
    { "name": "Angela", "url": "https://telegra.ph/file/bfd025447d7419dc5e055.jpg", "value": 3508 },
    { "name": "Hanzo", "url": "https://telegra.ph/file/f78da22aea009c9f16683.jpg", "value": 2129 },
    { "name": "Uranus", "url": "https://telegra.ph/file/53d245087778bf96096fd.jpg", "value": 1327 },
    { "name": "Vale", "url": "https://telegra.ph/file/0fbc6f967fe8a12d4925c.jpg", "value": 4913 },
    { "name": "Paquito", "url": "https://telegra.ph/file/1997f38bd41fae7f31e1b.jpg", "value": 1946 },
    { "name": "Henna", "url": "https://telegra.ph/file/b08083952910ca356db64.jpg", "value": 2745 },
    { "name": "Zia", "url": "https://telegra.ph/file/b5c461749fe3793a54ec6.jpg", "value": 3752 },
    { "name": "Terizla Izuel", "url": "https://telegra.ph/file/9ccdddc0d2442cce0d768.jpg", "value": 2184 },
    { "name": "Anna Math", "url": "https://telegra.ph/file/eeba10d4cb8079a21c7b3.jpg", "value": 3411 },
    { "name": "Vedi", "url": "https://telegra.ph/file/9a818a36d6d8c3f13e823.jpg", "value": 4098 },
    { "name": "Kizer La", "url": "https://telegra.ph/file/f0ff77ef26f90973c59da.jpg", "value": 2952 },
    { "name": "La Reina", "url": "https://telegra.ph/file/624735970c43e282326c7.jpg", "value": 2639 },
    { "name": "Soom", "url": "https://telegra.ph/file/3d599140c4d5039a10863.jpg", "value": 3540 },
    { "name": "Lizy", "url": "https://telegra.ph/file/21af149e1b363bff159f2.jpg", "value": 1892 },
    { "name": "Yarkali", "url": "https://telegra.ph/file/b26a623eec1db449aa307.jpg", "value": 4701 },
    { "name": "Honn", "url": "https://telegra.ph/file/46db4fc2dcd3cebe43699.jpg", "value": 2803 },
    { "name": "Meru", "url": "https://telegra.ph/file/3663688329ad00c2c1552.jpg", "value": 3347 },
    { "name": "Southern", "url": "https://telegra.ph/file/c4b37e6d6f9393a4266a9.jpg", "value": 3890 },
    { "name": "Lesya Mi", "url": "https://telegra.ph/file/0c5c1012d47a244584bec.jpg", "value": 1178 },
    { "name": "Pery", "url": "https://telegra.ph/file/92f42705d16a3908a182e.jpg", "value": 1056 },
    { "name": "Xiao Liz", "url": "https://telegra.ph/file/4a10bfccd19a9c924e4b5.jpg", "value": 3115 },
    { "name": "Lunne", "url": "https://telegra.ph/file/249580e0a81a73eb8f45b.jpg", "value": 2748 },
    { "name": "Unnu", "url": "https://telegra.ph/file/1dce6f949c86a9dc20dee.jpg", "value": 2976 },
    { "name": "La Mina", "url": "https://telegra.ph/file/1856e56da65d03ded7c52.jpg", "value": 1962 },
    { "name": "Liza Roseville", "url": "https://telegra.ph/file/3d213e51ce6e2f3543af9.jpg", "value": 4880 },
    { "name": "Tigreal Pont", "url": "https://telegra.ph/file/26aa71622004a8a9a3a4f.jpg", "value": 4233 },
    { "name": "Laure Valen", "url": "https://telegra.ph/file/ff59b65b5a1cdaae367f0.jpg", "value": 1719 },
    { "name": "Hajime Kashimo", "url": "https://telegra.ph/file/a9388b9e37eae05490d5a.jpg", "value": 2883 },
    { "name": "Kafka", "url": "https://telegra.ph/file/dd45c1900b9842dfe426b.jpg", "value": 4728 },
    { "name": "Son Goku", "url": "https://telegra.ph/file/d5034740d71ac86dc6225.png", "value": 1050 },
    { "name": "Mikasa Ackerman", "url": "https://telegra.ph/file/b31cd03f716d362b33716.jpg", "value": 1000 },
    { "name": "Spider-Man (Tom Holland)", "url": "https://telegra.ph/file/98c672926fbc35a4b9948.jpg", "value": 2000 },
    { "name": "Izuku Midoriya", "url": "https://telegra.ph/file/f689a972cfc1c5efff189.jpg", "value": 2000 },
    { "name": "Light Yagami", "url": "https://telegra.ph/file/d311c7f4a32d843ace899.jpg", "value": 5000 },
    { "name": "Naruto Uzumaki", "url": "https://telegra.ph/file/4b11562e08b8512868ed4.jpg", "value": 2750 },
    { "name": "Itachi Uchiha", "url": "https://telegra.ph/file/2e163769ea2f66b4cb455.jpg", "value": 1000 },
    { "name": "Monkey D. Luffy", "url": "https://telegra.ph/file/6861039367462755c84d1.jpg", "value": 2000 },
    { "name": "Misa Amane", "url": "https://telegra.ph/file/70fadfc8d38f2d307cd35.jpg", "value": 900 },
    { "name": "Soichiro Yagami", "url": "https://telegra.ph/file/faa41f0647445c6097041.jpg", "value": 500 },
    { "name": "Asuna Yuuki", "url": "https://telegra.ph/file/a803779df82b23707a0af.jpg", "value": 2000 },
    { "name": "Erza Scarlet", "url": "https://telegra.ph/file/9d8777e630c32a244ce9c.jpg", "value": 2000 },
    { "name": "Isagi Yoichi", "url": "https://telegra.ph/file/69d9c8a90c332fac66f0c.jpg", "value": 2000 },
    { "name": "Satoru Gojo", "url": "https://telegra.ph/file/3508047226d3d171e564d.jpg", "value": 2850 },
    { "name": "Brook", "url": "https://telegra.ph/file/fc16a178da15e5c629cbe.jpg", "value": 800 },
    { "name": "Roronoa Zoro", "url": "https://telegra.ph/file/c33eca3c3b52e11697b65.jpg", "value": 900 },
    { "name": "Alastor", "url": "https://telegra.ph/file/d48a22ae1dc114c19c653.jpg", "value": 1000 },
    { "name": "Loid Forger", "url": "https://telegra.ph/file/3582922e1b3e005f02ce7.jpg", "value": 1700 },
    { "name": "Anya", "url": "https://telegra.ph/file/9dcf0e6eb67c759d68dde.png", "value": 1500 },
    { "name": "Yor Forger", "url": "https://telegra.ph/file/0da9481a91303dbbb73d5.jpg", "value": 1750 },
    { "name": "Vegeta", "url": "https://telegra.ph/file/783a87650c97808c219ac.jpg", "value": 8500 },
    { "name": "Son Gohan", "url": "https://telegra.ph/file/e20c8e8e1341118fbdbf2.jpg", "value": 5000 },
    { "name": "Reigen Arataka", "url": "https://telegra.ph/file/35acd88d83a3ee5663893.jpg", "value": 5500 },
    { "name": "Shigeo Kageyama", "url": "https://telegra.ph/file/f7231085e56778f27a88c.jpg", "value": 1000 },
    { "name": "Saitama", "url": "https://telegra.ph/file/e6442d997ec08249ba78e.jpg", "value": 5000 },
    { "name": "Genos", "url": "https://telegra.ph/file/28c12f7e180f3ec33c0e7.jpg", "value": 4550 },
    { "name": "Beerus", "url": "https://telegra.ph/file/0bd3cc841968a3f784ab6.jpg", "value": 2500 },
    { "name": "Whis", "url": "https://telegra.ph/file/621b1becfe34daf103142.jpg", "value": 3000 },
    { "name": "Jiren", "url": "https://telegra.ph/file/8b6770c1f8adae7b8833a.jpg", "value": 4000 },
    { "name": "Denji", "url": "https://telegra.ph/file/7b0255be2d9e741307f83.jpg", "value": 2000 },
    { "name": "Makima", "url": "https://telegra.ph/file/bd4dfc0743cca085e8167.jpg", "value": 3500 },
    { "name": "Kobeni Higashiyama", "url": "https://telegra.ph/file/3458bcb6cf057911fb014.jpg", "value": 2000 },
    { "name": "Power", "url": "https://telegra.ph/file/7daaca0811af3d00a676e.jpg", "value": 2000 },
    { "name": "Kaguya Shinomiya", "url": "https://telegra.ph/file/29b22fa18d213a5bec257.jpg", "value": 2000 },
    { "name": "Miyuki Shirogane", "url": "https://telegra.ph/file/12137906b2aae981d435a.jpg", "value": 2000 },
    { "name": "Chika Fujiwara", "url": "https://telegra.ph/file/361e0ad1194a9f9f9461a.jpg", "value": 2000 },
    { "name": "Shoko Komi", "url": "https://telegra.ph/file/e4687b4a7d4fa095b1210.jpg", "value": 1500 },
    { "name": "Nagisa Shiota", "url": "https://telegra.ph/file/8b8a6a0ce1171b1ba2159.jpg", "value": 2000 },
    { "name": "Koro-Sensei", "url": "https://telegra.ph/file/53e46cc1cbb5cf2a86978.jpg", "value": 3000 },
    { "name": "Steve", "url": "https://telegra.ph/file/6c010ec8932b050d0044f.jpg", "value": 1500 },
    { "name": "Alex", "url": "https://telegra.ph/file/9d77f0d06da755873dcf8.jpg", "value": 1300 },
    { "name": "Hayase Nagatoro", "url": "https://telegra.ph/file/93cdcce7f1fcbf6a17bbd.jpg", "value": 1000 },
    { "name": "Naoto Hachiōji", "url": "https://telegra.ph/file/0e2a98bcab460f78a9870.jpg", "value": 1000 },
    { "name": "Aqua", "url": "https://telegra.ph/file/fe6d633c8abb0a531ab22.jpg", "value": 3000 },
    { "name": "Megumin", "url": "https://telegra.ph/file/8c9003267176290093208.jpg", "value": 2500 },
    { "name": "Kazuma Sato", "url": "https://telegra.ph/file/0dfc678bb61a89038528e.jpg", "value": 3000 },
    { "name": "Darkness", "url": "https://telegra.ph/file/6a1a8ac81851588688dce.jpg", "value": 2000 },
    { "name": "Shrek", "url": "https://telegra.ph/file/0337e68206766f777d61f.jpg", "value": 10000 },
    { "name": "Katashi Fukushima", "url": "https://telegra.ph/file/f8867e7b93d45442b1dde.jpg", "value": 50 },
    { "name": "Freezer", "url": "https://telegra.ph/file/a1f41484ced6e844c2f10.jpg", "value": 8700 },
    { "name": "Piccolo", "url": "https://telegra.ph/file/570c6929034562b4b885e.jpg", "value": 5000 },
    { "name": "Tenshinhan", "url": "https://telegra.ph/file/3577fb7edd16878fd25d6.jpg", "value": 1000 },
    { "name": "Androide N° 16", "url": "https://telegra.ph/file/a9e98a0437fb30c6ea0ae.jpg", "value": 2500 },
    { "name": "Androide N° 17", "url": "https://telegra.ph/file/01cd7d2f5b8997e03126b.jpg", "value": 8500 },
    { "name": "Androide N° 18", "url": "https://telegra.ph/file/2a14705a98fd58a934322.jpg", "value": 7500 },
    { "name": "Shen Long", "url": "https://telegra.ph/file/6c4541250b80dbd6d61d9.jpg", "value": 7000 },
    { "name": "Cell", "url": "https://telegra.ph/file/09cf51acb26c33937639e.jpg", "value": 8500 },
    { "name": "Mr. Popo", "url": "https://telegra.ph/file/d0075a2bdc7d8a8d992da.png", "value": 1000 },
    { "name": "Turles", "url": "https://telegra.ph/file/eda9e1641161f8170a47c.jpg", "value": 2500 },
    { "name": "Dende", "url": "https://telegra.ph/file/e7728e4dba6a57eb00898.jpg", "value": 1000 },
    { "name": "Gran Patriarca", "url": "https://telegra.ph/file/080d38fd2e12b1b351b48.jpg", "value": 1200 },
    { "name": "Piedra", "url": "https://telegra.ph/file/4730ca42a9cccd74866e7.png", "value": 10000 },
    { "name": "Bardock", "url": "https://telegra.ph/file/648f2c250cc42431fc748.png", "value": 2000 },
    { "name": "Broly (Z)", "url": "https://telegra.ph/file/62c320bc7f1f6a2f6f298.jpg", "value": 8000 },
    { "name": "Broly (Super)", "url": "https://telegra.ph/file/bc6226b28800088e8479c.jpg", "value": 1000 },
    { "name": "Gogeta (Z)", "url": "https://telegra.ph/file/8391dd25d3114da0798b5.jpg", "value": 1500 },
    { "name": "Gogeta (Super)", "url": "https://telegra.ph/file/6010199712ad7b6d6e1d1.jpg", "value": 2000 },
    { "name": "Vegetto (Z)", "url": "https://telegra.ph/file/3b1c96c234778debbcefd.png", "value": 1500 },
    { "name": "Vegetto (Super)", "url": "https://telegra.ph/file/4475a4bc9dfd26112f2fb.jpg", "value": 2200 },
    { "name": "Goku Black", "url": "https://telegra.ph/file/5911e271a2a3f065e262a.png", "value": 9500 },
    { "name": "Zamas", "url": "https://telegra.ph/file/7da311e4f3bbf4e6dbcf9.jpg", "value": 5500 },
    { "name": "Goku SuperSaiyajin", "url": "https://telegra.ph/file/39ec9c8560b5e2d3e88fa.jpg", "value": 1500 },
    { "name": "Goku SuperSaiyajin 3", "url": "https://telegra.ph/file/dd65a974e1109242f6c61.png", "value": 1000 },
    { "name": "Goku SuperSaiyajin Dios", "url": "https://telegra.ph/file/7ff0d24c311ac79ac9ca6.jpg", "value": 1500 },
    { "name": "Goku SuperSaiyajin Dios SuperSaiyajin (Blue)", "url": "https://telegra.ph/file/23760c3f80da6165c5971.jpg", "value": 2200 },
    { "name": "Goku Ultra Instinto Señal", "url": "https://telegra.ph/file/453136f3d3d9fbbd95882.png", "value": 2500 },
    { "name": "Goku Ultra Instinto", "url": "https://telegra.ph/file/89b97b333a3cbd7149135.jpg", "value": 3000 },
    { "name": "Mr. Satán", "url": "https://telegra.ph/file/56e6f841335018bc123bc.png", "value": 1000 },
    { "name": "Maestro Roshi", "url": "https://telegra.ph/file/4734384140edd359b7053.jpg", "value": 2500 },
    { "name": "Yamcha", "url": "https://telegra.ph/file/98fae2b7ff3f2a0b99bdc.jpg", "value": 1200 },
    { "name": "Bulma", "url": "https://telegra.ph/file/e3772ee966a3cabde2524.jpg", "value": 800 },
    { "name": "Chi-Chi", "url": "https://telegra.ph/file/e4f41f81211bba653dbed.png", "value": 900 },
    { "name": "Spider-Man (Ultimate)", "url": "https://telegra.ph/file/cd557df768fcbea216b0e.jpg", "value": 2000 },
    { "name": "Spider-Man (Andrew Garfield)", "url": "https://telegra.ph/file/27f948a88b0a8e0c9b0d2.jpg", "value": 1700 },
    { "name": "Spider-Man (Tobey Maguire)", "url": "https://telegra.ph/file/328315f50b3ad146a37e1.jpg", "value": 2200 },
    { "name": "Hoyuelo", "url": "https://telegra.ph/file/465c812d78ef6ce897a84.jpg", "value": 2500 },
    { "name": "Teruki Hanazawa", "url": "https://telegra.ph/file/9cd2530f67dcc05d5d8af.jpg", "value": 3500 },
    { "name": "Yunyun", "url": "https://telegra.ph/file/6a0e3cb925538bb61d9e8.jpg", "value": 2000 },
    { "name": "Wiz", "url": "https://telegra.ph/file/88663a62013542b14b318.jpg", "value": 2000 },
    { "name": "Yuji Itadori", "url": "https://telegra.ph/file/e35f8506b72c4b7d40c3e.jpg", "value": 5000 },
    { "name": "Megumi Fushiguro", "url": "https://telegra.ph/file/2d5a192820c20e9bd0ed7.jpg", "value": 4500 },
    { "name": "Nobara Kugisaki", "url": "https://telegra.ph/file/51038bacc75119474bd2f.png", "value": 3000 },
    { "name": "Sukuna", "url": "https://telegra.ph/file/6e0be6d5fcd173c5e3ea3.png", "value": 1000 },
    { "name": "Aki Hayakawa", "url": "https://telegra.ph/file/2c1bcf3f3970ba036dda9.jpg", "value": 2500 },
    { "name": "Franky Franklin", "url": "https://telegra.ph/file/9c85214ef4f887ecf6086.png", "value": 1500 },
    { "name": "Aijou Rentarou", "url": "https://telegra.ph/file/7480cede665df35f8a2be.jpg", "value": 1000 },
    { "name": "Hanazono Hakari", "url": "https://telegra.ph/file/5814e05ec099516038917.png", "value": 1000 },
    { "name": "Yoshimoto Shizuka", "url": "https://telegra.ph/file/a8cf22778252ef3f79478.png", "value": 1000 },
    { "name": "Eiai Nano", "url": "https://telegra.ph/file/04280e074fb133e2e2242.jpg", "value": 1000 },
    { "name": "Inda Karane", "url": "https://telegra.ph/file/a565cd699305c5ba29916.jpg", "value": 1000 },
    { "name": "Goku Black SSJ Rose", "url": "https://telegra.ph/file/35cf0c9de0f998f3b340c.png", "value": 9500 },
    { "name": "Miku Nakano", "url": "https://telegra.ph/file/98bb050b98e30e8e05cb5.jpg", "value": 8000 },
    { "name": "Nino Nakano", "url": "https://telegra.ph/file/3ad948f06319b86453f42.jpg", "value": 2000 },
    { "name": "Ichika", "url": "https://telegra.ph/file/5315312baf1e2ef418230.jpg", "value": 4151 },
    { "name": "Yotsuba Nakano", "url": "https://telegra.ph/file/88cb390aadbf5119847be.jpg", "value": 3000 },
    { "name": "Itsuki Nakano", "url": "https://telegra.ph/file/f2a2e9742f4cb357383bb.jpg", "value": 1654 },
    { "name": "Tanjiro Kamado", "url": "https://telegra.ph/file/4391227747bd056ed5f81.jpg", "value": 1000 },
    { "name": "Zenitsu Agatsuma", "url": "https://telegra.ph/file/2abd28afabc0ef7b7c8f3.jpg", "value": 1111 },
    { "name": "Kanao Tsuyuri", "url": "https://telegra.ph/file/580737e459e06244640d3.jpg", "value": 3040 },
    { "name": "Sanemi Shinazugawa", "url": "https://telegra.ph/file/cfd9ea458482d1a29ce5a.jpg", "value": 3500 },
    { "name": "Granolah", "url": "https://telegra.ph/file/8acfd836e485bfe3c2d48.jpg", "value": 4321 },
    { "name": "Moro", "url": "https://telegra.ph/file/abe8c301259189ff285d5.jpg", "value": 2500 },
    { "name": "Totomaru Isshiki", "url": "https://telegra.ph/file/5e609d403686045b0fe47.jpg", "value": 2500 },
    { "name": "Ron Kamono Hashi", "url": "https://telegra.ph/file/bb6dde067aba3569b4ae9.jpg", "value": 1800 },
    { "name": "Gohan Beast", "url": "https://telegra.ph/file/2eec6af74dea3f4609fdc.jpg", "value": 2500 },
    { "name": "Super Vegeta", "url": "https://telegra.ph/file/e226cde2c029bc9e2dc12.jpg", "value": 5000 },
    { "name": "Muzan Kibutsuji", "url": "https://telegra.ph/file/530d49527e1ddf65fe519.jpg", "value": 2000 },
    { "name": "Inosuke Hashibira", "url": "https://telegra.ph/file/cfd9ea458482d1a29ce5a.jpg", "value": 2000 },
    { "name": "Genya Shinazugawa", "url": "https://telegra.ph/file/1da14e6bb06a97c0e5553.jpg", "value": 1679 },
    { "name": "Giyū Tomioka", "url": "https://telegra.ph/file/10f92ffc33767c7fe965f.jpg", "value": 1000 },
    { "name": "Akaza", "url": "https://telegra.ph/file/02bad2b98ee449492f0c3.jpg", "value": 2500 },
    { "name": "Muichiro Tokito", "url": "https://telegra.ph/file/c77283b318d5532243d02.jpg", "value": 3000 },
    { "name": "L", "url": "https://telegra.ph/file/215cbf45c62bff55bbd4d.jpg", "value": 6000 },
    { "name": "Ryuk", "url": "https://telegra.ph/file/40948866890170035dcd4.jpg", "value": 3500 },
    { "name": "Tatsumaki", "url": "https://telegra.ph/file/1a5739353a684b67bb659.jpg", "value": 5000 },
    { "name": "Garou", "url": "https://telegra.ph/file/e7790a87844780a9ba9c6.jpg", "value": 1500 },
    { "name": "Yuta Okkotsu", "url": "https://telegra.ph/file/13df0c1932e60d0615b24.jpg", "value": 1550 },
    { "name": "Aoi Todo", "url": "https://telegra.ph/file/087713c4d453eb223ad9f.jpg", "value": 1550 },
    { "name": "Suguru Geto", "url": "https://telegra.ph/file/40495064ef201148000c7.jpg", "value": 1800 },
    { "name": "Superman", "url": "https://telegra.ph/file/b610062abfa7aa1d3ac2b.jpg", "value": 8500 },
    { "name": "Majin Vegeta", "url": "https://telegra.ph/file/7b8e90620cfb14816db77.jpg", "value": 4000 },
    { "name": "Golden Freezer", "url": "https://telegra.ph/file/284032b8e6f4a0c01269a.jpg", "value": 4800 },
    { "name": "Black Freezer", "url": "https://telegra.ph/file/87ebe95b3385217cb8aed.jpg", "value": 2500 },
    { "name": "Hitori Gotoh (Bocchi)", "url": "https://telegra.ph/file/972aa04d2c176771e3441.png", "value": 5500 },
    { "name": "Orange Piccolo", "url": "https://telegra.ph/file/4e483207c7190ab992450.png", "value": 2001 },
    { "name": "Escanor", "url": "https://telegra.ph/file/ed80dc97e666698bb0d1e.png", "value": 1005 },
    { "name": "Senku Ishigami", "url": "https://telegra.ph/file/9e2f026a6c19c955a6afd.jpg", "value": 1000 },
    { "name": "Taiju Oki", "url": "https://telegra.ph/file/10b01cf2d957b2fffd219.jpg", "value": 800 },
    { "name": "Yuzuriha Ogawa", "url": "https://telegra.ph/file/32954b7b2cd933be2386e.jpg", "value": 600 },
    { "name": "Tsukasa Shishio", "url": "https://telegra.ph/file/6cba2d858e9159ea5a38e.jpg", "value": 1000 },
    { "name": "Gen Asagiri", "url": "https://telegra.ph/file/aa827f417bb974890314e.jpg", "value": 800 },
    { "name": "Chrome", "url": "https://telegra.ph/file/26ddac9ca9862e1eed4fe.jpg", "value": 500 },
    { "name": "Kohaku", "url": "https://telegra.ph/file/13f5372276ceb0700a48c.jpg", "value": 1000 },
    { "name": "Suika", "url": "https://telegra.ph/file/b91c351cf6323d08ddffd.jpg", "value": 600 },
    { "name": "Ginro", "url": "https://telegra.ph/file/867f88e7526b2b9c50074.jpg", "value": 500 },
    { "name": "Kinro", "url": "https://telegra.ph/file/b6bca94d54f52e0948caa.jpg", "value": 600 },
    { "name": "Kaseki", "url": "https://telegra.ph/file/89f0c765d9bc1b3988e5b.jpg", "value": 800 },
    { "name": "Ruri", "url": "https://telegra.ph/file/2f48f1d272b2bddbec445.jpg", "value": 1000 },
    { "name": "Hyoga", "url": "https://telegra.ph/file/14fb0e962372c8bb0b955.jpg", "value": 1000 },
    { "name": "Homura Momiji", "url": "https://telegra.ph/file/d14ed935a98a90a2b5ebb.jpg", "value": 800 },
    { "name": "Nikki Hanada", "url": "https://telegra.ph/file/6a93133944ef05bc2940d.jpg", "value": 600 },
    { "name": "Ukyo Saionji", "url": "https://telegra.ph/file/3b0c73c4f48c5843a8725.jpg", "value": 800 },
    { "name": "Ryusui Nanami", "url": "https://telegra.ph/file/fef829c77c0c389463c9e.jpg", "value": 1000 },
    { "name": "Francois", "url": "https://telegra.ph/file/b2b57c3bd326977630238.jpg", "value": 600 },
    { "name": "Moz", "url": "https://telegra.ph/file/c8ceef6f006395ba59703.jpg", "value": 500 },
    { "name": "Magma", "url": "https://telegra.ph/file/3ced9cc36932fbb10db39.jpg", "value": 500 },
    { "name": "Jasper", "url": "https://telegra.ph/file/9344eb06bc997ea739e25.jpg", "value": 600 },
    { "name": "Soyuz", "url": "https://telegra.ph/file/ccedd5e8a35a7059b8c07.jpg", "value": 800 },
    { "name": "Kirisame", "url": "https://telegra.ph/file/be8b2e23de70496df69be.jpg", "value": 1000 },
    { "name": "Ibara", "url": "https://telegra.ph/file/36da8af0aba03ae544e32.jpg", "value": 1000 },
    { "name": "Stanley Snyder", "url": "https://telegra.ph/file/cb2b3704c80889650bfa2.jpg", "value": 1000 },
    { "name": "Luna Wright", "url": "https://telegra.ph/file/63d540217f0b903e3c2f7.jpg", "value": 800 },
    { "name": "Carlos Barrios", "url": "https://telegra.ph/file/435092045fdda56b4187e.jpg", "value": 600 },
    { "name": "Max Adams", "url": "https://telegra.ph/file/6a439c35b0536b919dfde.jpg", "value": 500 },
    { "name": "Byakuya Ishigami", "url": "https://telegra.ph/file/ca2dd53a11694f6172dc2.jpg", "value": 1000 },
    { "name": "Lillian Weinberg", "url": "https://telegra.ph/file/8ae0cd2f092224cecf409.jpg", "value": 800 },
    { "name": "Connie Lee", "url": "https://telegra.ph/file/ca64cb081ca061aa8853d.jpg", "value": 600 },
    { "name": "Shamil Volkov", "url": "https://telegra.ph/file/5a4ba4f5d9acdb63fa254.jpg", "value": 500 },
    { "name": "Darya Nikitina", "url": "https://telegra.ph/file/4b913903fbe7ac64aac22.jpg", "value": 600 },
    { "name": "Yakov Nikitin", "url": "https://telegra.ph/file/9eda25294658a43f04cb8.jpg", "value": 800 },
    { "name": "Rei", "url": "https://telegra.ph/file/de9847888f3088fb5b93d.jpg", "value": 1000 },
    { "name": "Maya Biggs", "url": "https://telegra.ph/file/a08afa5e78b83622d11f0.jpg", "value": 500 },
    { "name": "Brody Dudley", "url": "https://telegra.ph/file/2a8618cbf7b42b4774c6c.jpg", "value": 600 },
    { "name": "Mirai Shishio", "url": "https://telegra.ph/file/2f69a88617637ccac3b61.jpg", "value": 600 },
    { "name": "Matsukaze", "url": "https://telegra.ph/file/722b45db3c13e34317207.jpg", "value": 800 },
    { "name": "Oarashi", "url": "https://telegra.ph/file/e600b70e7bdfac693d44d.jpg", "value": 500 },
    { "name": "Why-man", "url": "https://telegra.ph/file/d8f375c2adc85d79bcd28.jpg", "value": 1000 },
    { "name": "Tailina", "url": "https://telegra.ph/file/b08083952910ca356db64.jpg", "value": 1236 },
    { "name": "Jinna", "url": "https://telegra.ph/file/b3c2209eecf462ec1c3eb.jpg", "value": 2646 },
    { "name": "Zion Hari", "url": "https://telegra.ph/file/42996134622f2c1ae1750.jpg", "value": 3474 },
    { "name": "Takashima", "url": "https://telegra.ph/file/6b8579c59521b67e25448.jpg", "value": 3157 },
    { "name": "Takamizawa", "url": "https://telegra.ph/file/0279bfa57c422762f96ab.jpg", "value": 4617 },
    { "name": "Kitashima", "url": "https://telegra.ph/file/2469e73d9d518738435bd.jpg", "value": 4631 },
    { "name": "Yakushiji", "url": "https://telegra.ph/file/76c069318fb059a711210.jpg", "value": 3784 },
    { "name": "Hiragi", "url": "https://telegra.ph/file/e3ca8e3335448deb52f64.jpg", "value": 1635 },
    { "name": "Stratus", "url": "https://telegra.ph/file/3146404b0ae154ae42a0e.jpg", "value": 1641 },
    { "name": "Yuiki", "url": "https://telegra.ph/file/3dc916bd4e72a4c1beb71.jpg", "value": 5441 },
    { "name": "Kuujou", "url": "https://telegra.ph/file/8a65bfea0a488cd5ebfff.jpg", "value": 4133 },
    { "name": "Shimazu", "url": "https://telegra.ph/file/18439899b65d0e5458a59.jpg", "value": 3154 },
    { "name": "Youko", "url": "https://telegra.ph/file/34ca0c6d98101040f7700.jpg", "value": 1647 },
    { "name": "Iwai", "url": "https://telegra.ph/file/5d30b46504541fec08640.jpg", "value": 2314 },
    { "name": "Yuika", "url": "https://telegra.ph/file/4843f855285f3a30cd0f2.jpg", "value": 4314 },
    { "name": "Asai", "url": "https://telegra.ph/file/588e256eb42758a996dd3.jpg", "value": 3216 },
    { "name": "Yuina", "url": "https://telegra.ph/file/78b81b597d68c2df2daf6.jpg", "value": 2167 },
    { "name": "Harada", "url": "https://telegra.ph/file/a33b7c862829b656bcf98.jpg", "value": 1654 },
    { "name": "Yuuri", "url": "https://telegra.ph/file/bca88dd8a1e430f1b350d.jpg", "value": 4410 },
    { "name": "Minase", "url": "https://telegra.ph/file/b087dd1fe347b423ac501.jpg", "value": 3541 },
    { "name": "Nakayama", "url": "https://telegra.ph/file/984ebf49f875daf258952.jpg", "value": 1648 },
    { "name": "Suzuka", "url": "https://telegra.ph/file/17fa85c5a3c601c95c206.jpg", "value": 2768 },
    { "name": "Fukazawa", "url": "https://telegra.ph/file/c5d17b38a663c19c965e1.jpg", "value": 4276 },
    { "name": "Minasi", "url": "https://telegra.ph/file/d86b5d6ccb4839023d36d.jpg", "value": 4376 },
    { "name": "Hoe Jisi", "url": "https://telegra.ph/file/ad060fa84db1e1a76d472.jpg", "value": 4610 },
    { "name": "Kori", "url": "https://telegra.ph/file/c5705df93126534505aeb.jpg", "value": 1670 },
    { "name": "Izati", "url": "https://telegra.ph/file/bcd03017245e289e5d59e.jpg", "value": 4327 },
    { "name": "Misato", "url": "https://telegra.ph/file/311dc84d0dbd9820f2035.jpg", "value": 4196 },
    { "name": "Gato Neglo", "url": "https://telegra.ph/file/fba308c0e9b8dc51a3739.jpg", "value": 3848 },
    { "name": "Arine", "url": "https://telegra.ph/file/b6008c30fadbcc37d6521.jpg", "value": 4228 },
    { "name": "Arian", "url": "https://telegra.ph/file/54424e0f22a9dcea0d72a.jpg", "value": 1822 },
    { "name": "Zey Lan", "url": "https://telegra.ph/file/0d5a1c46efecb611c534e.jpg", "value": 3282 },
    { "name": "Jare", "url": "https://telegra.ph/file/36506b2eb09b59e4c1b15.jpg", "value": 2383 },
    { "name": "Estefani", "url": "https://telegra.ph/file/79394b801b83cc42e9416.jpg", "value": 4822 },
    { "name": "Bianca", "url": "https://telegra.ph/file/481d359f3118dd6e189d4.jpg", "value": 2848 },
    { "name": "Valena Torres", "url": "https://telegra.ph/file/b5f2bfbf9f4dbbdc77557.jpg", "value": 3093 },
    { "name": "Hariri", "url": "https://telegra.ph/file/e9d65d947a307758e263e.jpg", "value": 1849 },
    { "name": "Hannabi", "url": "https://telegra.ph/file/828a14dfe135de2b95d1e.jpg", "value": 3729 },
    { "name": "Glod Frinn", "url": "https://telegra.ph/file/014469a6f7a135b1aa3c2.jpg", "value": 4082 },
    { "name": "Iselia Hare", "url": "https://telegra.ph/file/97a9fc1a968c0d4c7de86.jpg", "value": 4090 },
    { "name": "Logi Simi", "url": "https://telegra.ph/file/d6431b06a6472c2c5d659.jpg", "value": 1838 },
    { "name": "Zakura Monetta", "url": "https://telegra.ph/file/92cb2fa8dff489e7cd2d9.jpg", "value": 2744 },
    { "name": "Naiden Su", "url": "https://telegra.ph/file/104798abde16ca5720b53.jpg", "value": 2000 },
    { "name": "Su Momo", "url": "https://telegra.ph/file/946628047fb16d9269e01.jpg", "value": 3999 },
    { "name": "Kadi Sameli", "url": "https://telegra.ph/file/572dc2619eca0d1af25e2.jpg", "value": 837 },
    { "name": "Lidia Mar", "url": "https://telegra.ph/file/26f2fad32740b8bb43a54.jpg", "value": 1939 },
    { "name": "Tomoko Fero", "url": "https://telegra.ph/file/d20ef2440573028908c97.jpg", "value": 4292 },
    { "name": "Haranda Leo", "url": "https://telegra.ph/file/38d94646644cfc2d8333b.jpg", "value": 3664 },
    { "name": "Kitu San", "url": "https://telegra.ph/file/ef2acf1a3557e948f17f0.jpg", "value": 4564 },
    { "name": "Alexa Martín", "url": "https://telegra.ph/file/c63c9808b4fb34baebca2.jpg", "value": 2553 },
    { "name": "Miza", "url": "https://telegra.ph/file/ab28124f80d0461b662c7.jpg", "value": 2244 },
    { "name": "Erza", "url": "https://telegra.ph/file/bd5b338d773ca5b7a50f0.jpg", "value": 1442 },
    { "name": "Ino", "url": "https://telegra.ph/file/459d24f28be3d17bb14bb.jpg", "value": 1004 },
    { "name": "Inno", "url": "https://telegra.ph/file/ad67fcea0c7f67dc4e36b.jpg", "value": 500 },
    { "name": "Orihime", "url": "https://telegra.ph/file/4bd39afaf509712b08fab.jpg", "value": 4653 },
    { "name": "Winry", "url": "https://telegra.ph/file/bd01c6ed6e6ff0f9a4dd6.jpg", "value": 1441 },
    { "name": "Ai Val", "url": "https://telegra.ph/file/e3b855891fd71bf73527e.jpg", "value": 4222 },
    { "name": "Sumirenko", "url": "https://telegra.ph/file/56b804e532f6df98389ab.jpg", "value": 3552 },
    { "name": "Bennko", "url": "https://telegra.ph/file/2cd1fa18dc5f4ebfd1fe1.jpg", "value": 734 },
    { "name": "Verizan", "url": "https://telegra.ph/file/3c0dd4377e16c100959a8.jpg", "value": 3028 },
    { "name": "Anila", "url": "https://telegra.ph/file/bda544ceba1b8cc093511.jpg", "value": 2324 },
    { "name": "Akeno Himejima", "url": "https://telegra.ph/file/422ddc600f4a926263aef.jpg", "value": 3536 },
    { "name": "Akari Akaza", "url": "https://telegra.ph/file/b853af8e4df4344a7c8f0.jpg", "value": 1424 },
    { "name": "Akari Kito", "url": "https://telegra.ph/file/cc8d2931e8c4769664f34.jpg", "value": 1452 },
    { "name": "Mizunashi", "url": "https://telegra.ph/file/f3f72dd31bfa672166a3d.jpg", "value": 3532 },
    { "name": "Saeki", "url": "https://telegra.ph/file/b540e0d23e1c28851588b.jpg", "value": 3424 },
    { "name": "Watanabe", "url": "https://telegra.ph/file/8157701ad60227be430dc.jpg", "value": 4599 },
    { "name": "", "url": "https://telegra.ph/file/10e9136f43d88087f4445.jpg", "value": 2442 },
    { "name": "Akemi Homura", "url": "https://telegra.ph/file/2d01704df0e80ff422b2f.jpg", "value": 1563 },
    { "name": "Ameki Serizawa", "url": "https://telegra.ph/file/248156756a8803466df93.jpg", "value": 3235 },
    { "name": "Aki Adagaki", "url": "https://telegra.ph/file/5e2693ad81dda54f2a678.jpg", "value": 1442 },
    { "name": "Akiha Tohno", "url": "https://telegra.ph/file/485f6b1c0c25f5b75b3be.jpg", "value": 3635 },
    { "name": "Akiko Yosano", "url": "https://telegra.ph/file/32d9b1f1ac7e1ac9859e1.jpg", "value": 2332 },
    { "name": "Aiko Amano", "url": "https://telegra.ph/file/2e20f2a34e10b15b7f4b8.jpg", "value": 4323 },
    { "name": "Aina Sakamaki", "url": "https://telegra.ph/file/b2713fb9296c2c5c1324b.jpg", "value": 2234 },
    { "name": "Ai Ohto", "url": "https://telegra.ph/file/e0377e209f2fc75e2460e.jpg", "value": 3442 },
    { "name": "Shinozaki", "url": "https://telegra.ph/file/ff8934aff4fe6616aba17.jpg", "value": 2244 },
    { "name": "Tenkawa", "url": "https://telegra.ph/file/eb1bdf3e42a445be39bf2.jpg", "value": 1452 },
    { "name": "Kashiwazaki", "url": "https://telegra.ph/file/35a055c9515ac1e650576.jpg", "value": 3542 },
    { "name": "Airi Shiina", "url": "https://telegra.ph/file/754ce1396315fbb405ed2.jpg", "value": 3522 },
    { "name": "Aisaka Taiga", "url": "https://telegra.ph/file/c0444c639f8bf7e29edaa.jpg", "value": 2455 },
    { "name": "Aislinn", "url": "https://telegra.ph/file/89f99562312de45fcfb7d.jpg", "value": 2378 },
    { "name": "Aiz Wallenstein", "url": "https://telegra.ph/file/858daf2c8cf662d0a7b7d.jpg", "value": 1493 },
    { "name": "Alana", "url": "https://telegra.ph/file/7890441706f0a61cde06d.jpg", "value": 2844 },
    { "name": "Alisa", "url": "https://telegra.ph/file/746a02aee3eab86589980.jpg", "value": 1938 },
    { "name": "Alice Cartelet", "url": "https://telegra.ph/file/c720b04ccbe017c9758a1.jpg", "value": 4928 },
    { "name": "Zuberg", "url": "https://telegra.ph/file/acf089dff86155f6f7bef.jpg", "value": 2839 },
    { "name": "Althea", "url": "https://telegra.ph/file/964d383d6d528b77bc3e7.jpg", "value": 3838 },
    { "name": "Alma", "url": "https://telegra.ph/file/62606589358684a0f81a2.jpg", "value": 3773 },
    { "name": "", "url": "https://telegra.ph/file/d32571b72d8264da6b702.jpg", "value": 2949 },
    { "name": "Ami Kawashima", "url": "https://telegra.ph/file/6651dd0fc49bc4244e340.jpg", "value": 1939 },
    { "name": "Amina", "url": "https://telegra.ph/file/ab0fddf690ec6e8f701f4.jpg", "value": 839 },
    { "name": "Hanya", "url": "https://telegra.ph/file/f43af2894c849c46141d8.jpg", "value": 3930 },
    { "name": "Miyamura", "url": "https://telegra.ph/file/e3b19d9a2628e0ae2c564.jpg", "value": 2000 },
    { "name": "Aramaki Shizuka", "url": "https://telegra.ph/file/2f52f1585db9562206033.jpg", "value": 4939 },
    { "name": "Arcueid Brunestud", "url": "https://telegra.ph/file/e8e4eab84c5b6ebd1d1c4.jpg", "value": 5393 },
    { "name": "Asahina Mikuru", "url": "https://telegra.ph/file/6fce764bc641089b977f1.jpg", "value": 1343 },
    { "name": "Asuna Yuuki", "url": "https://telegra.ph/file/4aef3dffdca0052bbf9ff.jpg", "value": 4949 },
    { "name": "Asuka Langley Soryu", "url": "https://telegra.ph/file/43b9afe7e61bdea03208a.jpg", "value": 1939 },
    { "name": "Asura", "url": "https://telegra.ph/file/fcab655fcc521d77919c4.jpg", "value": 3949 },
    { "name": "Ayaka", "url": "https://telegra.ph/file/d654514d38d71fff25324.jpg", "value": 1737 },
    { "name": "Ayano Tateyama", "url": "https://telegra.ph/file/406f3ac65c9edcaa583d1.jpg", "value": 4737 },
    { "name": "Beatrice", "url": "https://telegra.ph/file/284512852066388d04d1d.jpg", "value": 2737 },
    { "name": "Bell Cranel", "url": "https://telegra.ph/file/c23cda52e84822cfdc313.jpg", "value": 2662 },
    { "name": "Bishamon", "url": "https://telegra.ph/file/9be5273b562634de43abe.jpg", "value": 626 },
    { "name": "Blake Belladonna", "url": "https://telegra.ph/file/364c72e563edda8ab5d1d.jpg", "value": 3738 },
    { "name": "Ciel Phantomhive", "url": "https://telegra.ph/file/45614ef17d77712c42692.jpg", "value": 4938 },
    { "name": "Clementine", "url": "https://telegra.ph/file/bb864f9c8d6144adabd3f.jpg", "value": 1928 },
    { "name": "Clea", "url": "https://telegra.ph/file/21c0b9e45ee535bf0677d.jpg", "value": 1000 },
    { "name": "Crona", "url": "https://telegra.ph/file/056a8a02bcd6894db0599.jpg", "value": 3828 },
    { "name": "Danerys Targar", "url": "https://telegra.ph/file/a1e7f05a11e2a09747a43.jpg", "value": 2827 },
    { "name": "Deidara", "url": "https://telegra.ph/file/bc701a5134309d8238479.jpg", "value": 2249 },
    { "name": "Daphne", "url": "https://telegra.ph/file/0beec00e48dafe39dd6c1.jpg", "value": 2837 },
    { "name": "Deirdre", "url": "https://telegra.ph/file/b4639b4b436d5422e05f3.jpg", "value": 2747 },
    { "name": "Echidna", "url": "https://telegra.ph/file/976be731db570ec2bdc41.jpg", "value": 837 },
    { "name": "Erza Scarlet", "url": "https://telegra.ph/file/5baddfe33c439655e043f.jpg", "value": 1727 },
    { "name": "Esther", "url": "https://telegra.ph/file/db3b2d5633039e4863e16.jpg", "value": 737 },
    { "name": "Faye", "url": "https://telegra.ph/file/245a3c9a2b2b8bfa7aa1b.jpg", "value": 2734 },
    { "name": "Felicity", "url": "https://telegra.ph/file/2e94176f1176acd1c6f9b.jpg", "value": 3946 },
    { "name": "Fujiko Mine", "url": "https://telegra.ph/file/2dd3ebc5a0a0f15fb6df5.jpg", "value": 4838 },
    { "name": "Fuko Ibuki", "url": "https://telegra.ph/file/896e3f8b38cbf1626e9ec.jpg", "value": 1737 },
    { "name": "Furukawa Nagisa", "url": "https://telegra.ph/file/c6753c7b55df37f9bb033.jpg", "value": 4928 },
    { "name": "Gajeel Redfox", "url": "https://telegra.ph/file/086ee722ff125f262f077.jpg", "value": 1738 },
    { "name": "Gingka Hagane", "url": "https://telegra.ph/file/1316e4bd741d7680d5abb.jpg", "value": 3939 },
    { "name": "Ginko", "url": "https://telegra.ph/file/c7fab299eaea706ddf519.jpg", "value": 626 },
    { "name": "Ginny Weasley", "url": "https://telegra.ph/file/1024bbacc6e1bd72142d2.jpg", "value": 3959 },
    { "name": "Giselle", "url": "https://telegra.ph/file/8ebecda40fccff1ec5c65.jpg", "value": 2746 },
    { "name": "Haruhi Fujioka", "url": "https://telegra.ph/file/36a4b2b1c5c35a290c450.jpg", "value": 374 },
    { "name": "Holo", "url": "https://telegra.ph/file/cac0ce7e6d02a20ac3498.jpg", "value": 1939 },
    { "name": "Hoshizora Rin", "url": "https://telegra.ph/file/d5652bbf7697592ebec26.jpg", "value": 409 },
    { "name": "Ikaros", "url": "https://telegra.ph/file/4e269b3c340f60a00f580.jpg", "value": 2999 },
    { "name": "Illya", "url": "https://telegra.ph/file/7d4abc4ee912bd7752e17.jpg", "value": 999 },
    { "name": "Inaba Himari", "url": "https://telegra.ph/file/8c9079b4a2e4c0d300564.jpg", "value": 2847 },
    { "name": "Irisviel von Einzbern", "url": "https://telegra.ph/file/3eaf2d9ce9ee7ae8cc897.jpg", "value": 1599 },
    { "name": "Izumi Sagiri", "url": "https://telegra.ph/file/4ccb52dba3e0307a36453.jpg", "value": 3763 },
    { "name": "Jibril", "url": "https://telegra.ph/file/8a5d677dbb28a306cd589.jpg", "value": 739 },
    { "name": "Jill Valentine", "url": "https://telegra.ph/file/bcf9726318ba725c834be.jpg", "value": 848 },
    { "name": "Jinx", "url": "https://telegra.ph/file/ff95a3ed062fa32415204.jpg", "value": 2637 },
    { "name": "JoJo", "url": "https://telegra.ph/file/d01df6d7a60a478f42cc5.jpg", "value": 2636 },
    { "name": "Jolyne Cujoh", "url": "https://telegra.ph/file/012129443036df2fd0f98.jpg", "value": 3094 },
    { "name": "Anya Forger", "url": "https://telegra.ph/file/930bc5fd224ef276a7fea.jpg", "value": 2352 },
    { "name": "Junko Enoshima", "url": "https://telegra.ph/file/de84ddc91bd0ad3f01682.jpg", "value": 1727 },
        { "name": "Daki Zeo", "url": "https://qu.ax/ONk.jpg", "value": 843 },
        { "name": "Nai Dele", "url": "https://qu.ax/bplU.jpg", "value": 493 },
        { "name": "Reg", "url": "https://qu.ax/DFUw.jpg", "value": 294 },
        { "name": "Dustiness Lalatina", "url": "https://qu.ax/bAlH.jpg", "value": 2928 },
        { "name": "Shimura Tae", "url": "https://qu.ax/AXjz.jpg", "value": 1738 },
        { "name": "Arch", "url": "https://qu.ax/fbNy.jpg", "value": 2535 },
        { "name": "Paradice Refuge", "url": "https://qu.ax/Vghl.jpg", "value": 1287 },
        { "name": "Faxy", "url": "https://qu.ax/rJh.jpg", "value": 937 },
        { "name": "Gloria Nedes", "url": "https://qu.ax/YjeZ.jpg", "value": 4928 },
        { "name": "Sai Pey", "url": "https://qu.ax/bplU.jpg", "value": 4850 },
        { "name": "Ladislav Dex", "url": "https://qu.ax/xoZ.jpg", "value": 1500 },
        { "name": "Vahi Hiko", "url": "https://qu.ax/Rhub.jpg", "value": 1700 },
        { "name": "Gann Itza", "url": "https://qu.ax/qMpR.jpg", "value": 2500 },
        { "name": "Nari Hixson", "url": "https://qu.ax/twoa.jpg", "value": 1000 },
        { "name": "Bella Dinn", "url": "https://qu.ax/dOZA.jpg", "value": 500 },
        { "name": "Zuba Daya", "url": "https://qu.ax/EFRe.jpg", "value": 722 },
        { "name": "Ibera Silci", "url": "https://qu.ax/FGyg.png", "value": 1522 },
        { "name": "Dannas", "url": "https://qu.ax/piDP.jpg", "value": 3000 },
        { "name": "Christine", "url": "https://qu.ax/OwZm.jpg", "value": 2888 },
        { "name": "Saijo Bleck", "url": "https://qu.ax/KBUT.jpg", "value": 384 }, 
        { "name": "Nicolás Maduro", "url": "https://qu.ax/AtMY.jpg", "value": 1 },
        { "name": "Diaz Canel", "url": "https://qu.ax/LQSv.jpg", "value": 1 },
        { "name": "Raul Castro", "url": "https://qu.ax/Uvkv.jpg", "value": 1 },
        { "name": "Elon Mosk", "url": "https://qu.ax/ZYDX.jpg", "value": 10000 },
        { "name": "Javier Milei", "url": "https://qu.ax/kPGA.jpg", "value": 10000 },
        { "name": "Una Escoba :v", "url": "https://qu.ax/NPvm.jpg", "value": 3 },
        { "name": "Mark Zuckerberg", "url": "https://qu.ax/kuwh.jpg", "value": 5000 },
        { "name": "Antony Starr", "url": "https://qu.ax/DDit.jpg", "value": 10000 },
        { "name": "Akari Watanabe", "url": "https://qu.ax/MlLA.jpg", "value": 737 },
        { "name": "Shiori Sakurazaka", "url": "https://qu.ax/laiY.jpg", "value": 3747 },
        { "name": "Minami Tenjin", "url": "https://qu.ax/wOpT.jpg", "value": 3848 },
        { "name": "Jirou Yakuin", "url": "https://qu.ax/OzwQ.jpg", "value": 182 },
        { "name": "Yuki Suou", "url": "https://qu.ax/UQaJ.jpg", "value": 384 },
        { "name": "Alisa‌Mikhailovna‌Kujou", "url": "https://qu.ax/OutC.png", "value": 477 },
        { "name": "Mariya Mikhailovna‌Kujou", "url": "https://qu.ax/WTFN.jpg", "value": 299 },
        { "name": "Ayano Kimishima", "url": "https://qu.ax/TQZT.jpg", "value": 3838 },
        { "name": "Nonoa Miyamae", "url": "https://qu.ax/WSsM.jpg", "value": 2737 },
        { "name": "Masachica Kuze", "url": "https://qu.ax/OEdn.jpg", "value": 2737 },
        { "name": "Chisaki Sarachina", "url": "https://qu.ax/lYaS.jpg", "value": 1726 },
        { "name": "Sayaka Taniyama", "url": "https://qu.ax/Bpiw.jpg", "value": 1000 },
        { "name": "Touya Kenzaki", "url": "https://qu.ax/dhby.jpg", "value": 2000 },
        { "name": "Sumire Kiryuuin", "url": "https://qu.ax/koDk.jpg", "value": 200 },
        { "name": "Rena Narahashi", "url": "https://qu.ax/DXvU.png", "value": 300 },
        { "name": "Venezuela", "url": "https://qu.ax/SlRl.jpg", "value": 3000 },
        { "name": "Argentina", "url": "https://qu.ax/GULN.png", "value": 3500 },
        { "name": "Paraguay", "url": "https://qu.ax/hkSj.jpg", "value": 2717 },
        { "name": "México", "url": "https://qu.ax/AAKL.jpg", "value": 3883 },
        { "name": "Peru", "url": "https://qu.ax/Hstj.jpg", "value": 400 },
        { "name": "Colombia", "url": "https://qu.ax/zTbc.jpg", "value": 1737 },
        { "name": "Ecuador", "url": "https://qu.ax/iyOS.jpg", "value": 1838 },
        { "name": "Cuba", "url": "https://qu.ax/SNti.png", "value": 4938 },
        { "name": "Uruguay", "url": "https://qu.ax/mFqa.png", "value": 948 },
        { "name": "Derieri", "url": "https://qu.ax/cUuo.jpg", "value": 848 },
        { "name": "Akemi Roppongi", "url": "https://qu.ax/SXED.jpg", "value": 748 },
        { "name": "Karen Sera", "url": "https://qu.ax/ouZU.jpg", "value": 636 },
        { "name": "Kishou Arima", "url": "https://qu.ax/hlg.jpg", "value": 435 },
        { "name": "Suzuha Amane", "url": "https://qu.ax/GzHi.jpg", "value": 384 },
        { "name": "Xiaoyu Ling", "url": "https://qu.ax/NPsl.jpg", "value": 3738 },
        { "name": "", "url": "", "value": 4038 },
        { "name": "Rio", "url": "https://qu.ax/fprj.jpg", "value": 3859 },
        { "name": "Marisa Kirisame", "url": "https://qu.ax/yxau.jpg", "value": 4727 },
        { "name": "Yu Mei-ren", "url": "https://qu.ax/Apbq.jpg", "value": 2738 },
        { "name": "Kaori Tachibana", "url": "https://qu.ax/LKAJ.jpg", "value": 4938 },
        { "name": "Yukiho Hagiwara", "url": "https://qu.ax/ECQi.png", "value": 833 },
        { "name": "Nanoka Kiba", "url": "https://qu.ax/ruHc.jpg", "value": 4939 },
        { "name": "Sopdet", "url": "https://qu.ax/LpXS.jpg", "value": 1270 },
        { "name": "Kayo Yamano", "url": "https://qu.ax/Mvbq.png", "value": 1828 },
        { "name": "Zelestia", "url": "https://qu.ax/ncXR.png", "value": 2737 },
        { "name": "Kokkoro", "url": "https://qu.ax/zYkV.jpg", "value": 2738 },
        { "name": "", "url": "", "value": 2838 },
        { "name": "Yohan Lee", "url": "https://qu.ax/fyOe.jpg", "value": 1737 },
        { "name": "", "url": "", "value": 1838 },
        { "name": "Cibo", "url": "https://qu.ax/VAQr.jpg", "value": 1474 },
        { "name": "Daniela Wytte", "url": "https://qu.ax/WFUX.jpg", "value": 1737 },
        { "name": "Rachel Foley", "url": "https://qu.ax/sTdN.jpg", "value": 3747 },
        { "name": "Ya ni Disimulan 🏳️‍🌈", "url": "https://qu.ax/wbvm.png", "value": 20 },
        { "name": "Valkyrie (Bikini Warriors)", "url": "https://qu.ax/tEoB.jpg", "value": 2748 },
        { "name": "Zuihou", "url": "https://qu.ax/Xslt.jpg", "value": 2884 },
        { "name": "Adolfine Galland", "url": "https://qu.ax/dpkY.jpg", "value": 3848 },
        { "name": "Akaza", "url": "https://qu.ax/lAhB.png", "value": 1298 },
        { "name": "Dana Tokishikko", "url": "https://qu.ax/oHXT.png", "value": 1838 },
        { "name": "Akino Ametsuchi", "url": "https://qu.ax/gmLz.jpg", "value": 2928 },
        { "name": "Kazagumo", "url": "https://qu.ax/FqgM.jpg", "value": 4038 },
        { "name": "", "url": "", "value": 3293 },
        { "name": "Lee Jinho", "url": "https://qu.ax/ZeMm.jpg", "value": 4399 },
        { "name": "Watashi (Jinati)", "url": "https://qu.ax/VJzs.png", "value": 1993 },
        { "name": "Wang Yi", "url": "https://qu.ax/zeo.jpg", "value": 1838 },
        { "name": "Marie Mimiya", "url": "https://qu.ax/GfgG.jpg", "value": 1838 },
        { "name": "Toshiya Joushima", "url": "https://qu.ax/UaCW.jpg", "value": 3828 },
        { "name": "Hyjun-Ah Lee", "url": "https://qu.ax/HXpL.png", "value": 3838 },
        { "name": "Lili Hoshikawa", "url": "https://qu.ax/yaZ.png", "value": 483 },
        { "name": "Sora (Air)", "url": "https://qu.ax/Rhhc.jpg", "value": 938 },
        { "name": "Miyako Kouno", "url": "https://qu.ax/ZyPQ.jpg", "value": 2039 },
        { "name": "Lumiel", "url": "https://qu.ax/rbgr.jpg", "value": 1838 },
        { "name": "Nao Tomori", "url": "https://qu.ax/jgTV.jpg", "value": 1747 },
        { "name": "Dana Tokishikko", "url": "https://qu.ax/CXHl.jpg", "value": 409 },
        { "name": "Artemis", "url": "https://qu.ax/GxvA.jpg", "value": 3827 },
        { "name": "Silent", "url": "https://qu.ax/ZjZu.jpg", "value": 1739 },
        { "name": "Nakano Akiyama", "url": "https://qu.ax/KDBv.jpg", "value": 1847 },
        { "name": "Mao Taura", "url": "https://qu.ax/dwTs.png", "value": 2837 },
        { "name": "Itsuki (Henkai Shoujo)", "url": "https://qu.ax/KeoP.png", "value": 1500 },
        { "name": "Machi", "url": "https://qu.ax/VtUH.jpg", "value": 2837 },
        { "name": "The Iris Swordsoul", "url": "https://qu.ax/zvfF.jpg", "value": 1737 },
        { "name": "Roxy Migurdia", "url": "https://qu.ax/vFZh.jpg", "value": 2747 },
        { "name": "Darjeeling", "url": "https://qu.ax/Wov.jpg", "value": 1928 },
        { "name": "Miki Hosokawa", "url": "https://qu.ax/iGYA.jpg", "value": 1737 },
        { "name": "Ki-Ja", "url": "https://qu.ax/iNoG.png", "value": 727 },
        { "name": "Barbara (grimgar)", "url": "https://qu.ax/TrsF.jpg", "value": 2737 },
        { "name": "Migard", "url": "https://qu.ax/tszs.jpg", "value": 2838 },
        { "name": "Meiko Inoue", "url": "https://qu.ax/CfVb.jpg", "value": 1838 },
        { "name": "Alastor (Shakugan no Shana)", "url": "https://qu.ax/HZLq.jpg", "value": 2737 },
        { "name": "Nuwa", "url": "https://qu.ax/DMil.jpg", "value": 1837 },
        { "name": "Asataroth", "url": "https://qu.ax/BULV.png", "value": 3837 },
        { "name": "Kyouko Aono", "url": "https://qu.ax/Emry.png", "value": 633 },
        { "name": "Yuzuha Usagi", "url": "https://qu.ax/mheD.jpg", "value": 1737 },
        { "name": "Kazuma Kumada", "url": "https://qu.ax/krMV.jpg", "value": 2837 },
        { "name": "Jean Bart", "url": "https://qu.ax/GRpQ.jpg", "value": 2747 },
        { "name": "Yukina Himeragi", "url": "https://qu.ax/xskD.jpg", "value": 2837 },
        { "name": "Nadia la Arwall", "url": "https://qu.ax/OvjS.jpg", "value": 1747 },
        { "name": "Maya (Shironeko Project)", "url": "https://qu.ax/LxTy.jpg", "value": 737 },
        { "name": "Honoka Kousaka", "url": "https://qu.ax/kxzn.jpg", "value": 2874 },
        { "name": "Souryuu", "url": "https://qu.ax/Zqmn.jpg", "value": 2737 },
        { "name": "Kagura (Senran Kagura)", "url": "https://qu.ax/QkMW.jpg", "value": 1737 },
        { "name": "Tomo Asama", "url": "https://qu.ax/iDLf.png", "value": 3288 },
        { "name": "Ingrid Sorveig", "url": "https://qu.ax/xQKj.png", "value": 2828 },
        { "name": "Aurora E", "url": "https://qu.ax/tKns.jpg", "value": 198 },
        { "name": "Amakami Konomi", "url": "https://qu.ax/dUxV.png", "value": 500 },
        { "name": "Kiyoko Aura", "url": "https://qu.ax/HzKp.jpg", "value": 1645 },
        { "name": "Tanuma-chan", "url": "https://qu.ax/GvRe.png", "value": 284 },
        { "name": "Muja Kina", "url": "https://qu.ax/zXec.jpg", "value": 3758 },
        { "name": "Aqua", "url": "https://qu.ax/CrvU.jpg", "value": 10000 }
]